index,instrument,open,high,low,close,volume
1546,JPX-CARD,9728,9992,9667,9947,6589
1546,JPX-ETFSH,9851,9867,9843,9843,3616
1546,JPX-GOLD,8641,8641,8610,8612,1246
1546,JPX-HT,11249,11280,10749,11243,2009
1546,JPX-JNAF,12585,12608,12551,12602,2941
1546,JPX-KTST,9686,9731,9686,9721,961
1546,JPX-SIMP,9949,10032,9942,9970,3637
1546,JPX-XAG,11093,11132,11080,11084,1100
1547,JPX-CARD,9964,10098,9960,10092,5926
1547,JPX-ETFSH,9843,9857,9835,9857,1616
1547,JPX-GOLD,8620,8630,8592,8625,3511
1547,JPX-HT,11241,11283,11229,11281,2321
1547,JPX-JNAF,12604,12644,12575,12587,2544
1547,JPX-KTST,9719,9766,9713,9757,1007
1547,JPX-SIMP,9951,10046,9933,9973,5465
1547,JPX-XAG,11078,11105,11058,11079,1079
1548,JPX-CARD,10090,10092,10011,10024,3597
1548,JPX-ETFSH,9857,9870,9853,9866,1099
1548,JPX-GOLD,8617,8653,8577,8626,4067
1548,JPX-HT,11273,11314,11265,11270,1215
1548,JPX-JNAF,12581,12654,12572,12632,2165
1548,JPX-KTST,9783,9813,9767,9809,1606
1548,JPX-SIMP,9961,9972,9943,9948,2715
1548,JPX-XAG,11049,11053,11001,11004,1577
1549,JPX-CARD,10027,10030,9922,9930,3181
1549,JPX-ETFSH,9869,9871,9831,9840,489
1549,JPX-GOLD,8611,8653,8597,8651,873
1549,JPX-HT,11286,11286,11229,11231,778
1549,JPX-JNAF,12656,12704,12651,12657,1502
1549,JPX-KTST,9812,9829,9812,9812,688
1549,JPX-SIMP,9957,9992,9957,9971,1874
1549,JPX-XAG,11004,11020,10976,10980,629
1550,JPX-CARD,9927,9929,9776,9804,4243
1550,JPX-ETFSH,9838,9847,9802,9804,1590
1550,JPX-GOLD,8660,8684,8656,8674,2434
1550,JPX-HT,11242,11295,11236,11287,1359
1550,JPX-JNAF,12650,12701,12599,12663,773
1550,JPX-KTST,9799,9814,9787,9810,775
1550,JPX-SIMP,9972,9986,9957,9970,2362
1550,JPX-XAG,10993,10999,10973,10982,824
1551,JPX-CARD,9809,9810,9717,9717,3410
1551,JPX-ETFSH,9803,9805,9798,9800,1462
1551,JPX-GOLD,8671,8673,8626,8626,1574
1551,JPX-HT,11305,11309,11289,11304,2650
1551,JPX-JNAF,12657,12704,12632,12701,901
1551,JPX-KTST,9809,9834,9803,9826,2007
1551,JPX-SIMP,9979,9985,9964,9970,2497
1551,JPX-XAG,10979,10979,10925,10925,525
1552,JPX-CARD,9736,9741,9475,9483,4793
1552,JPX-ETFSH,9800,9827,9798,9827,629
1552,JPX-GOLD,8616,8633,8580,8582,924
1552,JPX-HT,11309,11309,11249,11261,3529
1552,JPX-JNAF,12710,12753,12660,12753,532
1552,JPX-KTST,9832,9872,9815,9842,1001
1552,JPX-SIMP,9972,9974,9934,9936,3112
1552,JPX-XAG,10929,10931,10861,10869,1095
1553,JPX-CARD,9482,9493,9270,9270,3553
1553,JPX-ETFSH,9830,9830,9797,9799,382
1553,JPX-GOLD,8581,8620,8581,8583,644
1553,JPX-HT,11261,11296,11257,11281,2999
1553,JPX-JNAF,12706,12779,12706,12752,692
1553,JPX-KTST,9852,9852,9819,9837,574
1553,JPX-SIMP,9927,9938,9923,9938,1858
1553,JPX-XAG,10865,10891,10848,10874,1090
1554,JPX-CARD,9270,9376,9251,9355,3493
1554,JPX-ETFSH,9797,9799,9722,9722,766
1554,JPX-GOLD,8613,8649,8597,8602,872
1554,JPX-HT,11286,11300,11277,11292,2788
1554,JPX-JNAF,12757,12806,12730,12806,776
1554,JPX-KTST,9838,9874,9825,9874,785
1554,JPX-SIMP,9953,9955,9915,9915,3237
1554,JPX-XAG,10872,10902,10851,10869,960
1555,JPX-CARD,9359,9437,9342,9413,5325
1555,JPX-ETFSH,9720,9736,9719,9733,742
1555,JPX-GOLD,8595,8620,8571,8602,648
1555,JPX-HT,11306,11306,11283,11300,3873
1555,JPX-JNAF,12800,12817,12771,12771,569
1555,JPX-KTST,9841,9868,9841,9842,224
1555,JPX-SIMP,9921,9938,9900,9933,1669
1555,JPX-XAG,10891,10963,10885,10953,1118
1556,JPX-CARD,9411,9635,9403,9613,3592
1556,JPX-ETFSH,9725,9744,9710,9739,2399
1556,JPX-GOLD,8600,8624,8597,8602,484
1556,JPX-HT,11303,11311,11264,11283,3826
1556,JPX-JNAF,12778,12779,12755,12776,378
1556,JPX-KTST,9848,9869,9798,9798,227
1556,JPX-SIMP,9926,9953,9921,9949,2267
1556,JPX-XAG,10953,10982,10934,10956,307
1557,JPX-CARD,9616,9630,9581,9583,6015
1557,JPX-ETFSH,9739,9746,9737,9740,1190
1557,JPX-GOLD,8622,8662,8622,8657,1606
1557,JPX-HT,11294,11300,11270,11276,3664
1557,JPX-JNAF,12792,12818,12736,12795,1523
1557,JPX-KTST,9800,9800,9754,9754,445
1557,JPX-SIMP,9934,9934,9904,9908,1618
1557,JPX-XAG,10959,10976,10919,10923,865
1558,JPX-CARD,9576,9630,9557,9598,4431
1558,JPX-ETFSH,9739,9789,9735,9777,1159
1558,JPX-GOLD,8638,8659,8623,8655,1031
1558,JPX-HT,11283,11295,11249,11254,2667
1558,JPX-JNAF,12802,12836,12781,12828,1664
1558,JPX-KTST,9767,9770,9739,9741,1139
1558,JPX-SIMP,9912,9938,9907,9935,1329
1558,JPX-XAG,10924,10949,10877,10941,1209
1559,JPX-CARD,9593,9665,9573,9662,3492
1559,JPX-ETFSH,9781,9803,9778,9801,1832
1559,JPX-GOLD,8634,8683,8634,8679,2849
1559,JPX-HT,11256,11260,11222,11222,710
1559,JPX-JNAF,12810,12813,12734,12781,720
1559,JPX-KTST,9758,9758,9734,9749,751
1559,JPX-SIMP,9917,9934,9911,9934,1450
1559,JPX-XAG,10936,10936,10901,10925,533
1560,JPX-CARD,9661,9811,9624,9785,4355
1560,JPX-ETFSH,9797,9797,9748,9783,484
1560,JPX-GOLD,8682,8719,8671,8714,1820
1560,JPX-HT,11244,11258,11204,11210,1476
1560,JPX-JNAF,12744,12787,12729,12740,722
1560,JPX-KTST,9746,9771,9732,9736,563
1560,JPX-SIMP,9926,9933,9886,9891,3485
1560,JPX-XAG,10931,10948,10889,10918,469
1561,JPX-CARD,9809,9905,9561,9574,6293
1561,JPX-ETFSH,9796,9801,9778,9799,1029
1561,JPX-GOLD,8696,8696,8659,8680,2515
1561,JPX-HT,11212,11222,11180,11199,1575
1561,JPX-JNAF,12760,12819,12736,12736,1361
1561,JPX-KTST,9749,9779,9744,9770,313
1561,JPX-SIMP,9887,9912,9865,9886,1717
1561,JPX-XAG,10912,10974,10909,10961,756
1562,JPX-CARD,9578,9719,9538,9697,5181
1562,JPX-ETFSH,9801,9803,9790,9792,416
1562,JPX-GOLD,8680,8688,8650,8686,1828
1562,JPX-HT,11193,11219,11183,11219,1204
1562,JPX-JNAF,12736,12760,12692,12692,2172
1562,JPX-KTST,9716,9761,9716,9759,230
1562,JPX-SIMP,9886,9930,9873,9899,2738
1562,JPX-XAG,10961,11019,10950,11019,581
1563,JPX-CARD,9685,10025,9495,9522,4586
1563,JPX-ETFSH,9790,9824,9789,9822,1336
1563,JPX-GOLD,8671,8671,8616,8633,1556
1563,JPX-HT,11234,11234,11180,11202,2598
1563,JPX-JNAF,12688,12740,12640,12706,1817
1563,JPX-KTST,9769,9771,9724,9752,930
1563,JPX-SIMP,9921,9989,9912,9952,2821
1563,JPX-XAG,11011,11024,10946,11001,548
1564,JPX-CARD,9502,9725,9500,9725,5654
1564,JPX-ETFSH,9822,9826,9804,9826,836
1564,JPX-GOLD,8622,8660,8609,8648,1372
1564,JPX-HT,11199,11228,11186,11199,2391
1564,JPX-JNAF,12737,12815,12731,12775,361
1564,JPX-KTST,9749,9772,9741,9771,897
1564,JPX-SIMP,9954,9961,9928,9928,1063
1564,JPX-XAG,10997,11001,10968,10968,650
1565,JPX-CARD,9719,9732,9629,9668,4667
1565,JPX-ETFSH,9825,9853,9821,9822,818
1565,JPX-GOLD,8652,8659,8627,8643,1890
1565,JPX-HT,11210,11217,11184,11190,1218
1565,JPX-JNAF,12796,12798,12721,12742,1040
1565,JPX-KTST,9772,9796,9750,9774,136
1565,JPX-SIMP,9940,9966,9939,9939,1338
1565,JPX-XAG,10979,11002,10957,10962,522
1566,JPX-CARD,9645,9730,9642,9720,2540
1566,JPX-ETFSH,9814,9816,9810,9813,552
1566,JPX-GOLD,8629,8655,8613,8648,1714
1566,JPX-HT,11188,11215,11183,11185,499
1566,JPX-JNAF,12746,12836,12734,12806,843
1566,JPX-KTST,9779,9779,9733,9735,353
1566,JPX-SIMP,9941,9957,9928,9928,1356
1566,JPX-XAG,10956,10961,10919,10932,680
1567,JPX-CARD,9702,9844,9700,9804,3079
1567,JPX-ETFSH,9811,9813,9804,9807,258
1567,JPX-GOLD,8658,8679,8642,8658,2566
1567,JPX-HT,11180,11202,11150,11184,775
1567,JPX-JNAF,12815,12815,12771,12776,814
1567,JPX-KTST,9753,9801,9746,9782,830
1567,JPX-SIMP,9943,9980,9930,9956,1655
1567,JPX-XAG,10931,10933,10865,10901,263
1568,JPX-CARD,9803,9819,9680,9706,5159
1568,JPX-ETFSH,9805,9805,9777,9784,257
1568,JPX-GOLD,8657,8657,8605,8618,1152
1568,JPX-HT,11176,11223,11172,11192,1837
1568,JPX-JNAF,12758,12944,12758,12918,870
1568,JPX-KTST,9775,9804,9766,9775,605
1568,JPX-SIMP,9976,10025,9867,10019,6444
1568,JPX-XAG,10848,10852,10796,10800,1740
1569,JPX-CARD,9690,9707,9580,9591,3528
1569,JPX-ETFSH,9784,9791,9774,9774,393
1569,JPX-GOLD,8618,8634,8604,8629,1536
1569,JPX-HT,11188,11213,11173,11182,2324
1569,JPX-JNAF,12942,12942,12794,12794,1612
1569,JPX-KTST,9757,9762,9724,9727,956
1569,JPX-SIMP,10011,10019,9996,10006,4910
1569,JPX-XAG,10812,10836,10782,10830,2536
1570,JPX-CARD,9580,9586,9302,9320,3140
1570,JPX-ETFSH,9774,9778,9724,9726,1301
1570,JPX-GOLD,8632,8634,8575,8587,1380
1570,JPX-HT,11192,11196,11126,11134,3127
1570,JPX-JNAF,12794,12864,12789,12853,1838
1570,JPX-KTST,9745,9781,9725,9729,463
1570,JPX-SIMP,10018,10020,9986,9991,3805
1570,JPX-XAG,10827,10874,10802,10859,2047
1571,JPX-CARD,9334,9334,9064,9102,2083
1571,JPX-ETFSH,9726,9739,9700,9706,4557
1571,JPX-GOLD,8592,8627,8571,8627,2001
1571,JPX-HT,11131,11192,11127,11156,1860
1571,JPX-JNAF,12816,12825,12698,12698,2455
1571,JPX-KTST,9733,9754,9703,9703,1787
1571,JPX-SIMP,9976,9998,9971,9988,3654
1571,JPX-XAG,10893,10955,10891,10929,2368
1572,JPX-CARD,9106,9116,9020,9049,1175
1572,JPX-ETFSH,9703,9716,9690,9713,2012
1572,JPX-GOLD,8623,8644,8584,8584,1534
1572,JPX-HT,11150,11175,11126,11133,1454
1572,JPX-JNAF,12693,12787,12683,12749,1456
1572,JPX-KTST,9712,9746,9674,9722,1706
1572,JPX-SIMP,9997,10004,9978,9982,3484
1572,JPX-XAG,10929,10955,10893,10907,570
1573,JPX-CARD,9035,9059,9022,9059,1765
1573,JPX-ETFSH,9715,9749,9711,9749,1825
1573,JPX-GOLD,8574,8608,8572,8603,1047
1573,JPX-HT,11140,11146,11081,11126,1540
1573,JPX-JNAF,12754,12819,12754,12754,1091
1573,JPX-KTST,9743,9743,9690,9713,1137
1573,JPX-SIMP,9979,9993,9968,9985,3416
1573,JPX-XAG,10886,10928,10879,10886,463
1574,JPX-CARD,9052,9077,8798,8800,3423
1574,JPX-ETFSH,9758,9790,9753,9785,750
1574,JPX-GOLD,8599,8615,8583,8600,2532
1574,JPX-HT,11138,11163,11100,11106,3063
1574,JPX-JNAF,12736,12788,12730,12756,1132
1574,JPX-KTST,9727,9786,9708,9786,974
1574,JPX-SIMP,9983,9983,9925,9958,3869
1574,JPX-XAG,10880,10898,10850,10862,1504
1575,JPX-CARD,8794,8988,8791,8983,4386
1575,JPX-ETFSH,9756,9758,9724,9749,904
1575,JPX-GOLD,8592,8636,8592,8625,2481
1575,JPX-HT,11120,11141,11085,11098,1367
1575,JPX-JNAF,12771,12771,12731,12734,499
1575,JPX-KTST,9788,9821,9785,9808,701
1575,JPX-SIMP,9965,9988,9963,9984,1965
1575,JPX-XAG,10865,10918,10863,10912,761
1576,JPX-CARD,8984,9007,8910,8916,1993
1576,JPX-ETFSH,9747,9750,9723,9723,1196
1576,JPX-GOLD,8641,8667,8620,8624,1325
1576,JPX-HT,11077,11079,11032,11032,510
1576,JPX-JNAF,12727,12773,12718,12734,633
1576,JPX-KTST,9809,9809,9772,9778,380
1576,JPX-SIMP,9978,10003,9950,10000,4724
1576,JPX-XAG,10915,10924,10862,10862,451
1577,JPX-CARD,8922,8924,8776,8811,1148
1577,JPX-ETFSH,9723,9767,9721,9767,965
1577,JPX-GOLD,8623,8649,8610,8616,1012
1577,JPX-HT,11025,11055,11017,11055,1467
1577,JPX-JNAF,12727,12777,12691,12777,807
1577,JPX-KTST,9793,9828,9792,9828,197
1577,JPX-SIMP,9982,10017,9977,10006,1832
1577,JPX-XAG,10852,10852,10781,10797,136
1578,JPX-CARD,8812,8921,8778,8903,2248
1578,JPX-ETFSH,9772,9772,9764,9764,744
1578,JPX-GOLD,8603,8611,8565,8611,1129
1578,JPX-HT,11061,11098,11061,11070,752
1578,JPX-JNAF,12764,12790,12720,12790,761
1578,JPX-KTST,9820,9861,9813,9813,379
1578,JPX-SIMP,10001,10022,9980,10005,1504
1578,JPX-XAG,10796,10824,10774,10802,583
1579,JPX-CARD,8913,9068,8901,9051,4170
1579,JPX-ETFSH,9764,9764,9731,9735,279
1579,JPX-GOLD,8576,8607,8550,8563,2071
1579,JPX-HT,11065,11093,11045,11091,2124
1579,JPX-JNAF,12762,12811,12726,12808,694
1579,JPX-KTST,9808,9835,9808,9823,2215
1579,JPX-SIMP,9992,10047,9990,10045,1733
1579,JPX-XAG,10846,10865,10845,10856,210
1580,JPX-CARD,9042,9054,9008,9011,2677
1580,JPX-ETFSH,9721,9721,9671,9671,351
1580,JPX-GOLD,8549,8552,8517,8551,1771
1580,JPX-HT,11068,11132,11068,11116,876
1580,JPX-JNAF,12810,12891,12801,12891,1162
1580,JPX-KTST,9822,9873,9818,9873,379
1580,JPX-SIMP,10011,10039,10004,10025,1612
1580,JPX-XAG,10903,10934,10865,10934,73
1581,JPX-CARD,9005,9076,8995,9076,765
1581,JPX-ETFSH,9701,9729,9697,9697,147
1581,JPX-GOLD,8555,8559,8520,8543,1090
1581,JPX-HT,11091,11102,11065,11065,671
1581,JPX-JNAF,12883,12886,12763,12824,819
1581,JPX-KTST,9831,9858,9825,9858,665
1581,JPX-SIMP,10027,10040,9998,10020,1671
1581,JPX-XAG,10918,10918,10884,10895,207
1582,JPX-CARD,9067,9068,8954,8954,1677
1582,JPX-ETFSH,9697,9715,9693,9715,595
1582,JPX-GOLD,8542,8579,8542,8548,2035
1582,JPX-HT,11040,11066,11002,11015,611
1582,JPX-JNAF,12826,12864,12823,12843,1453
1582,JPX-KTST,9844,9895,9674,9893,1916
1582,JPX-SIMP,9995,10027,9990,10026,750
1582,JPX-XAG,10848,10848,10812,10812,227
1583,JPX-CARD,8975,8998,8753,8780,2934
1583,JPX-ETFSH,9713,9735,9702,9704,786
1583,JPX-GOLD,8569,8576,8529,8573,1308
1583,JPX-HT,11009,11040,11009,11035,841
1583,JPX-JNAF,12832,12905,12832,12899,1176
1583,JPX-KTST,9893,9934,9888,9934,1048
1583,JPX-SIMP,9992,10020,9992,10004,790
1583,JPX-XAG,10804,10840,10789,10791,663
1584,JPX-CARD,8773,8773,8575,8576,2066
1584,JPX-ETFSH,9702,9708,9697,9708,304
1584,JPX-GOLD,8572,8655,8568,8640,1493
1584,JPX-HT,11020,11031,10982,10992,819
1584,JPX-JNAF,12887,12893,12833,12857,909
1584,JPX-KTST,9939,9939,9880,9910,1181
1584,JPX-SIMP,9997,10020,9997,10008,1442
1584,JPX-XAG,10810,10811,10789,10794,588
1585,JPX-CARD,8572,8586,8446,8467,2003
1585,JPX-ETFSH,9706,9706,9672,9680,1205
1585,JPX-GOLD,8635,8658,8626,8629,1743
1585,JPX-HT,11008,11030,11000,11011,670
1585,JPX-JNAF,12862,12906,12856,12906,851
1585,JPX-KTST,9917,9937,9895,9904,1730
1585,JPX-SIMP,10012,10020,9980,9980,2037
1585,JPX-XAG,10792,10799,10762,10793,719
1586,JPX-CARD,8476,8478,8224,8228,2706
1586,JPX-ETFSH,9679,9696,9675,9684,2146
1586,JPX-GOLD,8638,8669,8634,8656,1262
1586,JPX-HT,10985,11021,10975,10997,352
1586,JPX-JNAF,12855,12966,12855,12957,1329
1586,JPX-KTST,9897,9931,9897,9919,2109
1586,JPX-SIMP,9990,10035,9988,10005,2376
1586,JPX-XAG,10768,10785,10741,10750,731
1587,JPX-CARD,8234,8262,8234,8262,1207
1587,JPX-ETFSH,9699,9723,9699,9713,650
1587,JPX-GOLD,8639,8685,8621,8684,990
1587,JPX-HT,10997,10997,10950,10957,833
1587,JPX-JNAF,12957,12957,12894,12909,341
1587,JPX-KTST,9941,9945,9867,9878,1723
1587,JPX-SIMP,10007,10036,10007,10033,1407
1587,JPX-XAG,10752,10827,10744,10823,726
1588,JPX-CARD,8259,8423,8255,8417,1822
1588,JPX-ETFSH,9710,9712,9692,9705,1596
1588,JPX-GOLD,8692,8714,8682,8697,1647
1588,JPX-HT,10960,10974,10947,10956,671
1588,JPX-JNAF,12918,12978,12909,12909,615
1588,JPX-KTST,9886,9903,9874,9882,1211
1588,JPX-SIMP,10018,10023,9978,10022,640
1588,JPX-XAG,10847,10847,10805,10820,488
1589,JPX-CARD,8410,8589,8397,8588,1924
1589,JPX-ETFSH,9704,9705,9700,9703,732
1589,JPX-GOLD,8709,8723,8685,8685,1807
1589,JPX-HT,10964,10964,10933,10944,601
1589,JPX-JNAF,12888,12979,12871,12938,884
1589,JPX-KTST,9885,9894,9843,9845,788
1589,JPX-SIMP,9990,10028,9984,10022,1483
1589,JPX-XAG,10862,10862,10812,10858,488
1590,JPX-CARD,8581,8814,8579,8790,3848
1590,JPX-ETFSH,9704,9770,9699,9769,1732
1590,JPX-GOLD,8678,8735,8678,8735,1362
1590,JPX-HT,10963,10963,10922,10930,782
1590,JPX-JNAF,12935,12979,12915,12955,332
1590,JPX-KTST,9870,9876,9832,9863,1365
1590,JPX-SIMP,10006,10007,9966,10003,2134
1590,JPX-XAG,10849,10884,10849,10883,375
1591,JPX-CARD,8794,8808,8730,8741,4039
1591,JPX-ETFSH,9769,9784,9753,9758,2041
1591,JPX-GOLD,8736,8786,8724,8786,1610
1591,JPX-HT,10934,10938,10904,10920,1304
1591,JPX-JNAF,12952,12975,12896,12899,922
1591,JPX-KTST,9858,9873,9840,9844,1268
1591,JPX-SIMP,9987,10022,9977,9994,2201
1591,JPX-XAG,10891,10902,10874,10879,291
1592,JPX-CARD,8743,8813,8743,8795,1585
1592,JPX-ETFSH,9757,9790,9753,9790,1952
1592,JPX-GOLD,8779,8782,8744,8775,1156
1592,JPX-HT,10919,10929,10882,10905,921
1592,JPX-JNAF,12908,12937,12908,12924,549
1592,JPX-KTST,9863,9863,9833,9833,2188
1592,JPX-SIMP,10005,10036,10003,10016,1631
1592,JPX-XAG,10890,10913,10867,10898,867
1593,JPX-CARD,8798,8846,8764,8784,2826
1593,JPX-ETFSH,9794,9825,9791,9825,913
1593,JPX-GOLD,8751,8808,8751,8803,1661
1593,JPX-HT,10901,10918,10855,10859,638
1593,JPX-JNAF,12914,12968,12896,12968,738
1593,JPX-KTST,9836,9851,9821,9823,955
1593,JPX-SIMP,10034,10038,9996,9999,1505
1593,JPX-XAG,10933,10933,10871,10877,732
1594,JPX-CARD,8847,8850,8745,8752,2758
1594,JPX-ETFSH,9821,9842,9812,9842,1468
1594,JPX-GOLD,8775,8784,8745,8777,897
1594,JPX-HT,10856,10918,10852,10882,1183
1594,JPX-JNAF,12968,13025,12950,12998,1541
1594,JPX-KTST,9845,9854,9827,9847,1831
1594,JPX-SIMP,10009,10043,10008,10024,2328
1594,JPX-XAG,10888,10944,10886,10925,611
1595,JPX-CARD,8776,8998,8743,8975,6021
1595,JPX-ETFSH,9842,9843,9819,9829,1610
1595,JPX-GOLD,8779,8851,8778,8834,900
1595,JPX-HT,10885,10944,10885,10887,1995
1595,JPX-JNAF,12975,12987,12941,12970,1560
1595,JPX-KTST,9833,9844,9797,9809,2315
1595,JPX-SIMP,10042,10044,9994,10004,2625
1595,JPX-XAG,10933,10944,10812,10854,2190
1596,JPX-CARD,8989,8992,8818,8844,4481
1596,JPX-ETFSH,9827,9860,9824,9844,3574
1596,JPX-GOLD,8848,8849,8791,8836,1825
1596,JPX-HT,10886,10890,6006,10864,2451
1596,JPX-JNAF,12986,13011,12946,12992,1146
1596,JPX-KTST,9813,9816,9768,9779,1301
1596,JPX-SIMP,10001,10022,9988,10003,1628
1596,JPX-XAG,10842,10902,10840,10898,2401
1597,JPX-CARD,8856,8859,8674,8695,4284
1597,JPX-ETFSH,9844,9869,9840,9855,1324
1597,JPX-GOLD,8827,8827,8789,8792,1192
1597,JPX-HT,10887,10887,10807,10829,528
1597,JPX-JNAF,12985,13012,12972,12995,767
1597,JPX-KTST,9796,9833,9796,9817,1366
1597,JPX-SIMP,10020,10030,9988,10012,2462
1597,JPX-XAG,10899,10919,10886,10906,801
1598,JPX-CARD,8696,8818,8684,8785,2343
1598,JPX-ETFSH,9829,9853,9829,9829,1600
1598,JPX-GOLD,8792,8815,8778,8783,983
1598,JPX-HT,10848,10885,10823,10872,1135
1598,JPX-JNAF,13008,13045,12995,13045,872
1598,JPX-KTST,9816,9856,9802,9842,1320
1598,JPX-SIMP,10020,10031,10006,10031,1669
1598,JPX-XAG,10902,10908,10852,10908,469
1599,JPX-CARD,8798,8801,8725,8729,5639
1599,JPX-ETFSH,9827,9862,9827,9848,2405
1599,JPX-GOLD,8789,8806,8762,8804,1114
1599,JPX-HT,10865,10869,10823,10831,2479
1599,JPX-JNAF,13041,13045,12967,13024,866
1599,JPX-KTST,9842,9884,9830,9864,1387
1599,JPX-SIMP,10031,10042,10016,10020,2512
1599,JPX-XAG,10901,10974,10899,10924,814
1600,JPX-CARD,8718,8989,8717,8959,4011
1600,JPX-ETFSH,9844,9844,9820,9820,253
1600,JPX-GOLD,8766,8768,8744,8753,2049
1600,JPX-HT,10829,10845,10797,10801,1259
1600,JPX-JNAF,13025,13104,13019,13069,1687
1600,JPX-KTST,9900,9922,9887,9922,1003
1600,JPX-SIMP,10021,10084,10019,10084,2397
1600,JPX-XAG,10923,10948,10910,10920,631
1601,JPX-CARD,8961,8962,8770,8772,5497
1601,JPX-ETFSH,9825,9860,9825,9860,754
1601,JPX-GOLD,8747,8751,8718,8748,2859
1601,JPX-HT,10809,10863,10809,10832,1802
1601,JPX-JNAF,13070,13123,13068,13092,1290
1601,JPX-KTST,9926,9934,9899,9907,1812
1601,JPX-SIMP,10071,10082,10040,10041,1934
1601,JPX-XAG,10949,10958,10869,10954,2051
1602,JPX-CARD,8780,8780,8563,8575,4397
1602,JPX-ETFSH,9861,9864,9842,9842,1669
1602,JPX-GOLD,8752,8763,8745,8755,1916
1602,JPX-HT,10824,10837,10791,10791,2528
1602,JPX-JNAF,13055,13080,13013,13048,716
1602,JPX-KTST,9907,9928,9892,9926,2790
1602,JPX-SIMP,10042,10086,10041,10085,2383
1602,JPX-XAG,10957,11028,10914,10998,2574
1603,JPX-CARD,8588,8655,8559,8647,6957
1603,JPX-ETFSH,9842,9847,9801,9807,3306
1603,JPX-GOLD,8745,8759,8713,8759,3325
1603,JPX-HT,10795,10866,10795,10862,2638
1603,JPX-JNAF,12999,13064,12999,13032,605
1603,JPX-KTST,9904,9933,9885,9910,2922
1603,JPX-SIMP,10083,10083,10015,10015,1282
1603,JPX-XAG,10996,11005,10939,10966,972
1604,JPX-CARD,8639,8643,8461,8467,4027
1604,JPX-ETFSH,9805,9890,9801,9888,2225
1604,JPX-GOLD,8742,8759,8726,8755,2237
1604,JPX-HT,10853,10877,10841,10871,1797
1604,JPX-JNAF,13066,13072,13022,13059,192
1604,JPX-KTST,9910,9948,9884,9929,1390
1604,JPX-SIMP,10035,10037,9975,9995,1758
1604,JPX-XAG,10960,10993,10952,10973,865
1605,JPX-CARD,8469,8479,8419,8426,4589
1605,JPX-ETFSH,9873,9873,9832,9852,1807
1605,JPX-GOLD,8745,8749,8672,8689,5688
1605,JPX-HT,10868,10886,10846,10867,2324
1605,JPX-JNAF,13059,13112,13037,13108,432
1605,JPX-KTST,9939,9953,9920,9935,940
1605,JPX-SIMP,9978,10018,9970,10007,1628
1605,JPX-XAG,10970,10984,10941,10965,1695
1606,JPX-CARD,8429,8638,8429,8625,3713
1606,JPX-ETFSH,9854,9873,9844,9867,1328
1606,JPX-GOLD,8684,8706,8673,8675,3638
1606,JPX-HT,10866,11184,10866,10907,2465
1606,JPX-JNAF,13043,13117,13042,13042,135
1606,JPX-KTST,9928,9958,9912,9917,782
1606,JPX-SIMP,10004,10011,9971,10008,4213
1606,JPX-XAG,10947,10975,10895,10910,2146
1607,JPX-CARD,8635,8700,8626,8697,5763
1607,JPX-ETFSH,9865,9865,9823,9824,1028
1607,JPX-GOLD,8669,8687,8650,8658,2124
1607,JPX-HT,10881,10937,10881,10918,2757
1607,JPX-JNAF,13037,13037,12980,13025,98
1607,JPX-KTST,9922,9935,9855,9855,1538
1607,JPX-SIMP,10008,10036,9994,10020,1134
1607,JPX-XAG,10915,10915,10853,10857,1924
1608,JPX-CARD,8712,8807,8693,8794,4007
1608,JPX-ETFSH,9843,9843,9787,9787,967
1608,JPX-GOLD,8667,8669,8640,8658,2779
1608,JPX-HT,10918,10920,10875,10875,916
1608,JPX-JNAF,13030,13043,12981,13043,168
1608,JPX-KTST,9834,9894,9834,9847,1128
1608,JPX-SIMP,10020,10020,9986,10019,968
1608,JPX-XAG,10876,10893,10820,10879,790
1609,JPX-CARD,8790,9055,8757,9055,6802
1609,JPX-ETFSH,9789,9792,9762,9762,2027
1609,JPX-GOLD,8662,8697,8653,8673,2732
1609,JPX-HT,10845,10855,10806,10808,3206
1609,JPX-JNAF,13042,13042,12899,12913,95
1609,JPX-KTST,9854,9854,9778,9805,1735
1609,JPX-SIMP,10021,10038,9984,10004,1185
1609,JPX-XAG,10889,10967,10887,10926,1852
1610,JPX-CARD,9051,9055,8995,9004,5364
1610,JPX-ETFSH,9762,9769,9746,9752,3476
1610,JPX-GOLD,8665,8666,8631,8648,2437
1610,JPX-HT,10826,10900,10824,10880,1385
1610,JPX-JNAF,12923,12991,12920,12952,257
1610,JPX-KTST,9805,9825,9782,9793,2144
1610,JPX-SIMP,10014,10023,9998,10013,1413
1610,JPX-XAG,10881,10893,10850,10888,2711
1611,JPX-CARD,9006,9233,9003,9203,5895
1611,JPX-ETFSH,9755,9827,9750,9785,2245
1611,JPX-GOLD,8634,8636,8575,8576,3444
1611,JPX-HT,10871,10873,10815,10853,1742
1611,JPX-JNAF,12943,12949,12882,12897,71
1611,JPX-KTST,9799,9819,9787,9801,1829
1611,JPX-SIMP,10008,10009,9957,9993,4498
1611,JPX-XAG,10862,10872,10846,10867,1985
1612,JPX-CARD,9209,9236,9085,9108,8973
1612,JPX-ETFSH,9785,9789,9755,9762,2050
1612,JPX-GOLD,8600,8601,8542,8542,1111
1612,JPX-HT,10845,10849,10767,10788,2390
1612,JPX-JNAF,12908,12931,12903,12925,186
1612,JPX-KTST,9817,9858,9815,9826,1124
1612,JPX-SIMP,9988,10014,9960,9995,3266
1612,JPX-XAG,10859,10869,10816,10832,2417
1613,JPX-CARD,9130,9132,8915,8922,7485
1613,JPX-ETFSH,9763,9765,9717,9719,1415
1613,JPX-GOLD,8559,8570,8526,8556,1322
1613,JPX-HT,10769,10794,10761,10765,933
1613,JPX-JNAF,12881,12900,12760,12777,570
1613,JPX-KTST,9836,9837,9743,9785,1056
1613,JPX-SIMP,9977,9993,9958,9970,2620
1613,JPX-XAG,10824,10900,10824,10887,2549
1614,JPX-CARD,8921,9077,8914,9002,5994
1614,JPX-ETFSH,9719,9730,9693,9693,2618
1614,JPX-GOLD,8576,8599,8566,8592,1578
1614,JPX-HT,10771,10819,10769,10785,328
1614,JPX-JNAF,12765,12781,12719,12719,306
1614,JPX-KTST,9761,9802,9745,9757,727
1614,JPX-SIMP,9976,9991,9966,9991,2536
1614,JPX-XAG,10882,10916,10876,10894,3222
1615,JPX-CARD,9046,9243,9035,9206,6230
1615,JPX-ETFSH,9693,9728,9687,9728,3971
1615,JPX-GOLD,8598,8652,8597,8639,2989
1615,JPX-HT,10801,10848,10793,10846,1897
1615,JPX-JNAF,12710,12710,12624,12673,715
1615,JPX-KTST,9745,9780,9741,9771,374
1615,JPX-SIMP,9973,9994,9960,9965,6131
1615,JPX-XAG,10904,10920,10875,10903,2185
1616,JPX-CARD,9206,9379,9203,9379,5922
1616,JPX-ETFSH,9728,9744,9718,9744,2242
1616,JPX-GOLD,8618,8667,8614,8664,3117
1616,JPX-HT,10867,10871,10820,10826,2582
1616,JPX-JNAF,12668,12703,12621,12621,119
1616,JPX-KTST,9776,9787,9745,9753,1117
1616,JPX-SIMP,9962,9993,9960,9983,5011
1616,JPX-XAG,10898,10908,10880,10892,2146
1617,JPX-CARD,9376,9653,9361,9623,7558
1617,JPX-ETFSH,9743,9772,9743,9758,1576
1617,JPX-GOLD,8649,8692,8633,8690,1749
1617,JPX-HT,10826,10884,10824,10867,3185
1617,JPX-JNAF,12613,12721,12597,12693,241
1617,JPX-KTST,9762,9781,9731,9753,1366
1617,JPX-SIMP,9984,9999,9932,9986,6925
1617,JPX-XAG,10905,10928,10860,10870,2845
1618,JPX-CARD,9627,9840,9624,9840,7860
1618,JPX-ETFSH,9758,9765,9748,9761,3059
1618,JPX-GOLD,8691,8709,8665,8669,2213
1618,JPX-HT,10870,10924,10864,10918,2824
1618,JPX-JNAF,12694,12703,12618,12694,177
1618,JPX-KTST,9756,9757,9722,9739,1772
1618,JPX-SIMP,9982,9998,9965,9995,6060
1618,JPX-XAG,10874,10911,10850,10904,3444
1619,JPX-CARD,9842,9877,9603,9606,7600
1619,JPX-ETFSH,9761,9780,9758,9767,3205
1619,JPX-GOLD,8668,8672,8614,8629,2844
1619,JPX-HT,10908,10966,10908,10960,637
1619,JPX-JNAF,12696,12740,12659,12723,356
1619,JPX-KTST,9735,9780,9721,9772,2827
1619,JPX-SIMP,9974,10019,9971,10004,4108
1619,JPX-XAG,10927,10929,10854,10864,2154
1620,JPX-CARD,9606,9698,9589,9680,6790
1620,JPX-ETFSH,9767,9784,9764,9782,2493
1620,JPX-GOLD,8645,8659,8615,8617,2051
1620,JPX-HT,10976,11005,10970,10989,826
1620,JPX-JNAF,12739,12745,12670,12694,640
1620,JPX-KTST,9750,9754,9716,9742,1795
1620,JPX-SIMP,10004,10023,9998,10015,4259
1620,JPX-XAG,10870,10870,10836,10844,2830
1621,JPX-CARD,9680,9719,9673,9719,7846
1621,JPX-ETFSH,9784,9793,9749,9749,2505
1621,JPX-GOLD,8630,8710,8510,8706,5093
1621,JPX-HT,11004,11043,10969,11006,1184
1621,JPX-JNAF,12737,12743,12690,12690,191
1621,JPX-KTST,9737,9762,9714,9762,1644
1621,JPX-SIMP,10023,10027,9979,9983,4492
1621,JPX-XAG,10859,10921,10856,10915,3289
1622,JPX-CARD,9726,9769,9706,9767,6522
1622,JPX-ETFSH,9749,9760,9738,9744,3448
1622,JPX-GOLD,8725,8804,8721,8788,3231
1622,JPX-HT,11009,11020,10980,11020,541
1622,JPX-JNAF,12671,12705,12643,12696,122
1622,JPX-KTST,9740,9768,9719,9768,2771
1622,JPX-SIMP,9978,10014,9977,10008,3279
1622,JPX-XAG,10925,10960,10882,10882,1925
1623,JPX-CARD,9773,9955,9712,9955,7858
1623,JPX-ETFSH,9732,9777,9728,9770,3988
1623,JPX-GOLD,8766,8800,8708,8732,1138
1623,JPX-HT,11023,11027,10969,10980,425
1623,JPX-JNAF,12684,12733,12684,12689,242
1623,JPX-KTST,9763,9811,9763,9804,785
1623,JPX-SIMP,10008,10039,10001,10014,2571
1623,JPX-XAG,10844,10868,10827,10840,2095
1624,JPX-CARD,9955,9959,9658,9682,7250
1624,JPX-ETFSH,9812,9854,9809,9844,2735
1624,JPX-GOLD,8716,8727,8693,8708,3094
1624,JPX-HT,10970,11000,10956,10963,459
1624,JPX-JNAF,12663,12663,12581,12593,516
1624,JPX-KTST,9789,9807,9776,9803,963
1624,JPX-SIMP,10015,10049,10012,10049,2694
1624,JPX-XAG,10854,10870,10842,10850,2416
1625,JPX-CARD,9677,9806,9631,9797,8095
1625,JPX-ETFSH,9846,9857,9799,9808,2002
1625,JPX-GOLD,8713,8721,8650,8668,1916
1625,JPX-HT,10983,11011,10945,11008,301
1625,JPX-JNAF,12572,12593,12502,12502,1870
1625,JPX-KTST,9791,9818,9787,9798,1338
1625,JPX-SIMP,10045,10078,10041,10075,2191
1625,JPX-XAG,10857,10857,10792,10808,3193
1626,JPX-CARD,9758,9861,9748,9833,7662
1626,JPX-ETFSH,9806,9810,9773,9776,2379
1626,JPX-GOLD,8661,8666,8604,8609,2607
1626,JPX-HT,10981,11014,10963,11005,602
1626,JPX-JNAF,12498,12512,12441,12468,2228
1626,JPX-KTST,9809,9809,9766,9776,2435
1626,JPX-SIMP,10076,10080,10012,10027,2074
1626,JPX-XAG,10828,10875,10805,10824,3002
1627,JPX-CARD,9839,9942,9670,9705,7412
1627,JPX-ETFSH,9775,9775,9732,9739,2615
1627,JPX-GOLD,8627,8629,8589,8592,1861
1627,JPX-HT,11012,11047,11001,11047,221
1627,JPX-JNAF,12464,12535,12464,12535,2285
1627,JPX-KTST,9778,9821,9774,9812,3762
1627,JPX-SIMP,10037,10055,10021,10053,1849
1627,JPX-XAG,10822,10822,10766,10787,2475
1628,JPX-CARD,9713,9789,9686,9780,7682
1628,JPX-ETFSH,9739,9744,9730,9733,3128
1628,JPX-GOLD,8606,8655,8604,8645,1174
1628,JPX-HT,11063,11096,11057,11087,266
1628,JPX-JNAF,12543,12592,12480,12589,2964
1628,JPX-KTST,9804,9822,9785,9785,2236
1628,JPX-SIMP,10055,10063,10046,10058,868
1628,JPX-XAG,10800,10853,10791,10853,3174
1629,JPX-CARD,9787,10080,9715,10045,7599
1629,JPX-ETFSH,9732,9735,9690,9697,1868
1629,JPX-GOLD,8662,8664,8612,8640,1880
1629,JPX-HT,11087,11105,11067,11069,695
1629,JPX-JNAF,12562,12565,12457,12472,4948
1629,JPX-KTST,9802,9815,9770,9770,537
1629,JPX-SIMP,10026,10051,10026,10051,1482
1629,JPX-XAG,10861,10871,10821,10827,3645
1630,JPX-CARD,10051,10055,9998,10019,5195
1630,JPX-ETFSH,9699,9748,9684,9748,2638
1630,JPX-GOLD,8664,8716,8659,8716,1546
1630,JPX-HT,11069,11069,10988,11026,553
1630,JPX-JNAF,12465,12468,12314,12314,2615
1630,JPX-KTST,9776,9776,9693,9693,1018
1630,JPX-SIMP,10050,10073,10035,10071,2345
1630,JPX-XAG,10835,10891,10832,10876,1870
1631,JPX-CARD,10018,10090,10014,10053,5496
1631,JPX-ETFSH,9748,9759,9732,9737,3069
1631,JPX-GOLD,8713,8736,8705,8718,829
1631,JPX-HT,11003,11005,10971,10975,1133
1631,JPX-JNAF,12326,12387,12314,12365,2219
1631,JPX-KTST,9680,9692,9623,9625,1540
1631,JPX-SIMP,10063,10082,10032,10034,1490
1631,JPX-XAG,10896,10949,10880,10949,4027
1632,JPX-CARD,10067,10291,10053,10276,7727
1632,JPX-ETFSH,9734,9762,9732,9756,3418
1632,JPX-GOLD,8693,8702,8675,8677,661
1632,JPX-HT,10990,11001,10956,10982,1014
1632,JPX-JNAF,12347,12381,12339,12365,1361
1632,JPX-KTST,9624,9663,9614,9633,1243
1632,JPX-SIMP,10031,10051,9992,9994,2251
1632,JPX-XAG,10946,10949,10913,10918,3567
1633,JPX-CARD,10276,10279,10196,10232,5665
1633,JPX-ETFSH,9789,9814,9786,9808,2461
1633,JPX-GOLD,8654,8690,8637,8667,2155
1633,JPX-HT,10988,11045,10986,11039,1077
1633,JPX-JNAF,12357,12366,12311,12345,2433
1633,JPX-KTST,9661,9669,9636,9649,1234
1633,JPX-SIMP,10015,10026,9992,10022,3830
1633,JPX-XAG,10906,10918,10871,10876,3046
1634,JPX-CARD,10210,10216,10074,10074,4198
1634,JPX-ETFSH,9828,9830,9798,9802,1206
1634,JPX-GOLD,8671,8676,8647,8661,2537
1634,JPX-HT,11012,11065,11008,11065,996
1634,JPX-JNAF,12346,12381,12325,12334,1753
1634,JPX-KTST,9663,9691,9641,9679,1089
1634,JPX-SIMP,10011,10029,10002,10013,3671
1634,JPX-XAG,10871,10884,10814,10870,4215
1635,JPX-CARD,10071,10149,9857,9871,6379
1635,JPX-ETFSH,9798,9799,9754,9776,2913
1635,JPX-GOLD,8650,8675,8639,8641,1494
1635,JPX-HT,11062,11096,11041,11096,1355
1635,JPX-JNAF,12331,12378,12249,12304,1771
1635,JPX-KTST,9688,9694,9645,9664,1525
1635,JPX-SIMP,10012,10048,10001,10018,3529
1635,JPX-XAG,10869,10910,10851,10877,3020
1636,JPX-CARD,9872,9887,9707,9755,6033
1636,JPX-ETFSH,9777,9779,9751,9751,1467
1636,JPX-GOLD,8666,8671,8650,8671,964
1636,JPX-HT,11080,11096,11026,11032,1189
1636,JPX-JNAF,12275,12323,12242,12242,971
1636,JPX-KTST,9684,9693,9639,9679,2355
1636,JPX-SIMP,10027,10029,9971,9993,4194
1636,JPX-XAG,10876,10914,10857,10890,1722
1637,JPX-CARD,9730,9741,9704,9706,3566
1637,JPX-ETFSH,9752,9780,9747,9778,1061
1637,JPX-GOLD,8685,8689,8629,8688,373
1637,JPX-HT,11025,11070,11008,11048,2262
1637,JPX-JNAF,12326,12363,12307,12331,355
1637,JPX-KTST,9639,9670,9623,9651,1308
1637,JPX-SIMP,9995,10014,9979,9996,3451
1637,JPX-XAG,10856,10877,10850,10862,2265
1638,JPX-CARD,9700,9711,9520,9534,3947
1638,JPX-ETFSH,9778,9780,9768,9773,436
1638,JPX-GOLD,8689,8717,8687,8707,281
1638,JPX-HT,11048,11088,11036,11064,1806
1638,JPX-JNAF,12335,12335,12235,12235,682
1638,JPX-KTST,9646,9668,9634,9643,1293
1638,JPX-SIMP,9991,9997,9967,9987,3357
1638,JPX-XAG,10865,10887,10836,10848,1719
1639,JPX-CARD,9532,9651,9516,9648,7788
1639,JPX-ETFSH,9771,9771,9743,9765,2239
1639,JPX-GOLD,8666,8720,8666,8690,1057
1639,JPX-HT,11084,11088,11011,11034,1274
1639,JPX-JNAF,12234,12288,12176,12286,776
1639,JPX-KTST,9657,9683,9649,9676,1105
1639,JPX-SIMP,9974,9982,9943,9968,3565
1639,JPX-XAG,10869,10890,10863,10868,1362
1640,JPX-CARD,9657,9886,9635,9814,6564
1640,JPX-ETFSH,9766,9774,9763,9764,1031
1640,JPX-GOLD,8681,8702,8673,8702,319
1640,JPX-HT,11045,11075,11026,11051,536
1640,JPX-JNAF,12323,12361,12316,12327,300
1640,JPX-KTST,9668,9696,9647,9672,735
1640,JPX-SIMP,9977,10016,9945,9945,4144
1640,JPX-XAG,10876,10880,10785,10807,555
1641,JPX-CARD,9815,10266,9590,9599,5950
1641,JPX-ETFSH,9772,9789,9766,9785,649
1641,JPX-GOLD,8732,8732,8659,8687,1164
1641,JPX-HT,11057,11061,11012,11046,819
1641,JPX-JNAF,12334,12368,12312,12312,266
1641,JPX-KTST,9673,9700,9669,9700,1185
1641,JPX-SIMP,9925,10051,9925,9957,4135
1641,JPX-XAG,10840,10842,10779,10779,1757
1642,JPX-CARD,9599,9672,9597,9648,5101
1642,JPX-ETFSH,9785,9792,9753,9753,436
1642,JPX-GOLD,8687,8707,8645,8645,925
1642,JPX-HT,11029,11038,10974,10976,294
1642,JPX-JNAF,12335,12356,12329,12351,131
1642,JPX-KTST,9691,9713,9660,9668,1269
1642,JPX-SIMP,9954,9983,9951,9975,2013
1642,JPX-XAG,10776,10799,10708,10708,762
1643,JPX-CARD,9653,10279,9577,9614,6106
1643,JPX-ETFSH,9769,9774,9724,9727,632
1643,JPX-GOLD,8649,8668,8637,8641,1254
1643,JPX-HT,11002,11017,10991,10993,445
1643,JPX-JNAF,12368,12403,12366,12395,317
1643,JPX-KTST,9653,9688,9653,9682,1093
1643,JPX-SIMP,9975,9979,9953,9972,1335
1643,JPX-XAG,10746,10821,10731,10811,633
1644,JPX-CARD,9612,9615,9516,9533,4658
1644,JPX-ETFSH,9726,9756,9721,9721,395
1644,JPX-GOLD,8637,8638,8618,8629,1384
1644,JPX-HT,11023,11034,10978,10995,385
1644,JPX-JNAF,12406,12406,12358,12358,148
1644,JPX-KTST,9680,9713,9667,9704,826
1644,JPX-SIMP,9954,9961,9932,9955,3797
1644,JPX-XAG,10807,10812,10760,10764,833
1645,JPX-CARD,9519,9602,9314,9602,3755
1645,JPX-ETFSH,9721,9727,9681,9727,285
1645,JPX-GOLD,8622,8624,8586,8586,1962
1645,JPX-HT,11025,11041,11021,11026,251
1645,JPX-JNAF,12351,12352,12323,12323,237
1645,JPX-KTST,9684,9686,9629,9644,528
1645,JPX-SIMP,9951,9964,9944,9945,3627
1645,JPX-XAG,10777,10837,10777,10837,710
1646,JPX-CARD,9320,9338,9215,9230,6163
1646,JPX-ETFSH,9727,9729,9699,9712,1139
1646,JPX-GOLD,8597,8639,8597,8615,1348
1646,JPX-HT,11027,11076,11024,11075,460
1646,JPX-JNAF,12293,12341,12272,12341,576
1646,JPX-KTST,9653,9653,9585,9585,699
1646,JPX-SIMP,9966,9987,9960,9986,2816
1646,JPX-XAG,10827,10840,10777,10820,1375
1647,JPX-CARD,9227,9236,8996,8996,2498
1647,JPX-ETFSH,9690,9698,9688,9698,898
1647,JPX-GOLD,8660,8666,8627,8664,664
1647,JPX-HT,11088,11099,11070,11095,360
1647,JPX-JNAF,12344,12446,12335,12443,1306
1647,JPX-KTST,9601,9648,9601,9646,928
1647,JPX-SIMP,9985,9998,9963,9990,3169
1647,JPX-XAG,10829,10843,10812,10841,1270
1648,JPX-CARD,9002,9031,8755,8765,3103
1648,JPX-ETFSH,9709,9729,9709,9712,1187
1648,JPX-GOLD,8667,8669,8633,8654,1298
1648,JPX-HT,11099,11172,11099,11164,121
1648,JPX-JNAF,12466,12467,12421,12446,1053
1648,JPX-KTST,9640,9657,9636,9653,1008
1648,JPX-SIMP,9988,9988,9947,9960,3379
1648,JPX-XAG,10821,10839,10798,10800,1167
1649,JPX-CARD,8763,8988,8759,8970,5680
1649,JPX-ETFSH,9711,9744,9709,9742,2762
1649,JPX-GOLD,8655,8682,8641,8671,1690
1649,JPX-HT,11143,11150,11128,11142,261
1649,JPX-JNAF,12448,12467,12413,12413,1314
1649,JPX-KTST,9665,9673,9637,9652,1009
1649,JPX-SIMP,9966,9988,9944,9944,6798
1649,JPX-XAG,10812,10835,10778,10799,1187
1650,JPX-CARD,8981,8999,8911,8911,4838
1650,JPX-ETFSH,9744,9755,9737,9737,1308
1650,JPX-GOLD,8657,8658,8604,8613,4099
1650,JPX-HT,11150,11154,11137,11137,131
1650,JPX-JNAF,12410,12446,12378,12390,838
1650,JPX-KTST,9658,9680,9623,9680,1701
1650,JPX-SIMP,9949,9981,9948,9981,3092
1650,JPX-XAG,10803,10820,10767,10774,2858
1651,JPX-CARD,8916,8921,8781,8807,5029
1651,JPX-ETFSH,9741,9741,9715,9729,1237
1651,JPX-GOLD,8602,8610,8580,8581,1734
1651,JPX-HT,11161,11164,11093,11093,192
1651,JPX-JNAF,12396,12467,12392,12423,1431
1651,JPX-KTST,9679,9696,9678,9678,645
1651,JPX-SIMP,9990,10005,9928,9965,4115
1651,JPX-XAG,10769,10773,10737,10742,1370
1652,JPX-CARD,8802,8979,8774,8934,7944
1652,JPX-ETFSH,9729,9730,9701,9702,1034
1652,JPX-GOLD,8582,8604,8564,8564,1441
1652,JPX-HT,11103,11103,11080,11080,162
1652,JPX-JNAF,12410,12444,12405,12444,684
1652,JPX-KTST,9698,9709,9678,9678,1237
1652,JPX-SIMP,9964,9967,9928,9939,2979
1652,JPX-XAG,10735,10753,10715,10737,2910
1653,JPX-CARD,8927,9020,8862,8862,2642
1653,JPX-ETFSH,9698,9698,9670,9670,1035
1653,JPX-GOLD,8566,8571,8535,8535,723
1653,JPX-HT,11057,11079,11057,11079,8
1653,JPX-JNAF,12455,12491,12447,12491,834
1653,JPX-KTST,9670,9681,9643,9681,1486
1653,JPX-SIMP,9931,9955,9918,9948,2129
1653,JPX-XAG,10746,10746,10687,10689,581
1654,JPX-CARD,8864,8897,8858,8881,4401
1654,JPX-ETFSH,9670,9671,9640,9656,2058
1654,JPX-GOLD,8545,8569,8529,8540,1103
1654,JPX-HT,11108,11150,11104,11137,184
1654,JPX-JNAF,12532,12625,12508,12588,2090
1654,JPX-KTST,9686,9690,9649,9667,1759
1654,JPX-SIMP,9945,9993,9920,9989,3939
1654,JPX-XAG,10685,10708,10653,10679,1175
1655,JPX-CARD,8883,9054,8863,9047,5886
1655,JPX-ETFSH,9659,9659,9620,9625,1679
1655,JPX-GOLD,8544,8544,8503,8536,2305
1655,JPX-HT,11146,11171,11137,11144,32
1655,JPX-JNAF,12597,12739,12597,12733,2646
1655,JPX-KTST,9681,9752,9679,9730,1983
1655,JPX-SIMP,9995,10011,9987,10003,1317
1655,JPX-XAG,10703,10707,10665,10683,2728
1656,JPX-CARD,9041,10050,8806,8813,7660
1656,JPX-ETFSH,9623,9626,9597,9622,4082
1656,JPX-GOLD,8538,8624,8536,8597,3280
1656,JPX-HT,11165,11191,11146,11147,503
1656,JPX-JNAF,12758,12764,12641,12657,2004
1656,JPX-KTST,9726,9730,9676,9676,1170
1656,JPX-SIMP,10007,10038,9975,9982,2512
1656,JPX-XAG,10670,10738,10670,10724,4112
1657,JPX-CARD,8814,8944,8810,8937,6214
1657,JPX-ETFSH,9620,9626,9590,9613,3778
1657,JPX-GOLD,8598,8601,8575,8583,2229
1657,JPX-HT,11155,11159,11090,11115,370
1657,JPX-JNAF,12658,12748,12655,12742,2077
1657,JPX-KTST,9693,9750,9682,9746,1680
1657,JPX-SIMP,9998,10007,9956,9956,3716
1657,JPX-XAG,10717,10748,10693,10703,3588
1658,JPX-CARD,8936,9100,8921,9098,6672
1658,JPX-ETFSH,9613,9678,9599,9678,3155
1658,JPX-GOLD,8580,8580,8530,8537,2404
1658,JPX-HT,11093,11108,11064,11102,835
1658,JPX-JNAF,12745,12818,12736,12782,1369
1658,JPX-KTST,9750,9797,9750,9780,1041
1658,JPX-SIMP,9960,9990,9960,9965,6953
1658,JPX-XAG,10672,10756,10666,10744,3561
1659,JPX-CARD,9100,9114,9009,9042,7494
1659,JPX-ETFSH,9676,9680,9655,9661,3307
1659,JPX-GOLD,8542,8542,8480,8482,1903
1659,JPX-HT,11105,11124,11076,11115,331
1659,JPX-JNAF,12802,12872,12802,12866,1050
1659,JPX-KTST,9781,9804,9772,9777,943
1659,JPX-SIMP,9987,9997,9964,9989,4092
1659,JPX-XAG,10746,10770,10720,10764,3844
1660,JPX-CARD,9044,10050,8812,8812,8601
1660,JPX-ETFSH,9658,9660,9615,9620,4396
1660,JPX-GOLD,8483,8499,8461,8489,1688
1660,JPX-HT,11137,11176,11112,11174,536
1660,JPX-JNAF,12884,12940,12870,12931,1646
1660,JPX-KTST,9769,9820,9749,9806,924
1660,JPX-SIMP,9976,10080,9964,9973,5865
1660,JPX-XAG,10760,10786,10734,10771,2971
1661,JPX-CARD,8813,8825,8772,8803,7532
1661,JPX-ETFSH,9620,9624,9616,9617,3120
1661,JPX-GOLD,8480,8508,8458,8492,2271
1661,JPX-HT,11146,11176,11142,11169,537
1661,JPX-JNAF,12948,12963,12920,12947,1962
1661,JPX-KTST,9785,9814,9768,9777,1182
1661,JPX-SIMP,9975,9996,9956,9972,5170
1661,JPX-XAG,10733,10751,10729,10751,3140
1662,JPX-CARD,8816,8820,8643,8688,7087
1662,JPX-ETFSH,9636,9640,9602,9602,2453
1662,JPX-GOLD,8485,8514,8459,8510,3635
1662,JPX-HT,11158,11182,11143,11157,1823
1662,JPX-JNAF,12947,12948,12871,12871,767
1662,JPX-KTST,9770,9778,9743,9778,475
1662,JPX-SIMP,9963,9994,9957,9959,3800
1662,JPX-XAG,10751,10764,10694,10699,2293
1663,JPX-CARD,8678,8681,8567,8567,5976
1663,JPX-ETFSH,9606,9607,9594,9594,1843
1663,JPX-GOLD,8489,8491,8442,8475,2944
1663,JPX-HT,11163,11168,11128,11128,1473
1663,JPX-JNAF,12894,12906,12865,12877,2174
1663,JPX-KTST,9762,9801,9738,9771,870
1663,JPX-SIMP,9960,9978,9930,9934,3079
1663,JPX-XAG,10708,10725,10694,10725,1690
1664,JPX-CARD,8546,8614,8525,8603,4299
1664,JPX-ETFSH,9596,9628,9592,9612,2591
1664,JPX-GOLD,8459,8509,8449,8468,2249
1664,JPX-HT,11120,11149,11106,11130,1082
1664,JPX-JNAF,12870,12919,12862,12874,2160
1664,JPX-KTST,9725,9760,9711,9726,914
1664,JPX-SIMP,9941,9979,9937,9977,844
1664,JPX-XAG,10687,10719,10673,10698,2028
1665,JPX-CARD,8583,8824,8367,8368,4896
1665,JPX-ETFSH,9612,9614,9587,9600,1874
1665,JPX-GOLD,8511,8529,8493,8525,2627
1665,JPX-HT,11155,11204,11135,11186,1738
1665,JPX-JNAF,12903,12933,12871,12877,1633
1665,JPX-KTST,9740,9752,9705,9705,1216
1665,JPX-SIMP,9949,9987,9948,9972,4654
1665,JPX-XAG,10684,10707,10666,10671,1500
1666,JPX-CARD,8352,8565,8343,8534,3911
1666,JPX-ETFSH,9598,9603,9578,9599,1473
1666,JPX-GOLD,8511,8540,8508,8540,858
1666,JPX-HT,11180,11252,11172,11252,1967
1666,JPX-JNAF,12906,12911,12857,12874,1062
1666,JPX-KTST,9730,9756,9722,9756,389
1666,JPX-SIMP,9964,9967,9913,9920,3966
1666,JPX-XAG,10663,10695,10657,10677,1073
1667,JPX-CARD,8543,8782,8540,8764,2811
1667,JPX-ETFSH,9597,9601,9590,9599,1945
1667,JPX-GOLD,8548,8581,8534,8566,1397
1667,JPX-HT,11250,11250,11209,11228,491
1667,JPX-JNAF,12865,12892,12807,12807,1457
1667,JPX-KTST,9734,9734,9667,9667,447
1667,JPX-SIMP,9936,9938,9912,9914,1794
1667,JPX-XAG,10680,10723,8418,10723,2628
1668,JPX-CARD,8773,9023,8751,9012,4279
1668,JPX-ETFSH,9602,9604,9596,9604,2479
1668,JPX-GOLD,8549,8620,8548,8619,915
1668,JPX-HT,11195,11198,11155,11177,1043
1668,JPX-JNAF,12808,12823,12777,12792,1309
1668,JPX-KTST,9678,9686,9634,9634,957
1668,JPX-SIMP,9914,9923,9868,9894,1632
1668,JPX-XAG,10723,10750,10687,10733,1612
1669,JPX-CARD,9008,9232,9006,9194,3934
1669,JPX-ETFSH,9620,9625,9612,9616,2498
1669,JPX-GOLD,8626,8632,8596,8632,296
1669,JPX-HT,11167,11173,11122,11124,368
1669,JPX-JNAF,12804,12804,12713,12729,1150
1669,JPX-KTST,9636,9636,9589,9589,867
1669,JPX-SIMP,9901,9944,9887,9915,886
1669,JPX-XAG,10709,10767,10703,10749,1162
1670,JPX-CARD,9208,9470,9195,9455,4794
1670,JPX-ETFSH,9614,9660,9612,9641,2596
1670,JPX-GOLD,8634,8636,8585,8585,362
1670,JPX-HT,11135,11167,11135,11148,1645
1670,JPX-JNAF,12724,12809,12721,12771,2126
1670,JPX-KTST,9588,9628,9579,9617,931
1670,JPX-SIMP,9938,9938,9914,9927,1040
1670,JPX-XAG,10744,10762,10706,10714,2602
1671,JPX-CARD,9460,9591,9440,9579,3429
1671,JPX-ETFSH,9641,9675,9639,9670,2163
1671,JPX-GOLD,8581,8598,8565,8580,3548
1671,JPX-HT,11187,11194,11136,11155,765
1671,JPX-JNAF,12820,12896,12820,12844,1696
1671,JPX-KTST,9620,9626,9557,9559,719
1671,JPX-SIMP,9919,9944,9913,9937,1304
1671,JPX-XAG,10709,10752,10670,10695,2734
1672,JPX-CARD,9575,9625,9567,9612,3577
1672,JPX-ETFSH,9668,9673,9660,9660,2539
1672,JPX-GOLD,8572,8574,8531,8536,2379
1672,JPX-HT,11143,11183,11142,11183,322
1672,JPX-JNAF,12863,12863,12788,12815,844
1672,JPX-KTST,9570,9584,9564,9578,1209
1672,JPX-SIMP,9931,9935,9897,9897,2585
1672,JPX-XAG,10704,10721,10677,10684,2317
1673,JPX-CARD,9604,9893,9450,9893,7111
1673,JPX-ETFSH,9664,9666,9640,9646,2226
1673,JPX-GOLD,8540,8544,8522,8534,1744
1673,JPX-HT,11183,11198,11155,11186,1564
1673,JPX-JNAF,12821,12851,12671,12828,2037
1673,JPX-KTST,9586,9617,9573,9617,1538
1673,JPX-SIMP,9921,9947,9889,9896,2559
1673,JPX-XAG,10681,10721,10675,10712,2062
1674,JPX-CARD,9873,9875,9620,9624,5535
1674,JPX-ETFSH,9645,9645,9618,9630,1619
1674,JPX-GOLD,8522,8532,8503,8518,1858
1674,JPX-HT,11171,11174,11124,11137,2378
1674,JPX-JNAF,12834,12840,12707,12713,1298
1674,JPX-KTST,9608,9626,9576,9597,1021
1674,JPX-SIMP,9903,9911,9878,9880,1257
1674,JPX-XAG,10698,10767,10692,10726,1032
1675,JPX-CARD,9604,9803,9604,9783,1696
1675,JPX-ETFSH,9629,9632,9599,9600,1241
1675,JPX-GOLD,8510,8524,8484,8502,827
1675,JPX-HT,11145,11167,11133,11162,1258
1675,JPX-JNAF,12739,12739,12668,12705,647
1675,JPX-KTST,9594,9624,9584,9618,505
1675,JPX-SIMP,9898,9910,9877,9898,984
1675,JPX-XAG,10685,10749,10654,10745,1002
1676,JPX-CARD,9789,9889,9787,9838,2950
1676,JPX-ETFSH,9599,9646,9593,9641,5381
1676,JPX-GOLD,8498,8519,8488,8515,905
1676,JPX-HT,11137,11168,11126,11140,366
1676,JPX-JNAF,12674,12677,12639,12639,731
1676,JPX-KTST,9618,9649,9604,9608,370
1676,JPX-SIMP,9891,9901,9865,9901,1621
1676,JPX-XAG,10755,10872,10755,10868,1693
1677,JPX-CARD,9868,9952,9839,9940,3394
1677,JPX-ETFSH,9643,9645,9590,9620,2673
1677,JPX-GOLD,8519,8538,8485,8485,2325
1677,JPX-HT,11148,11155,11127,11153,1101
1677,JPX-JNAF,12633,12665,12629,12649,1598
1677,JPX-KTST,9589,9614,9584,9599,870
1677,JPX-SIMP,9895,9897,9876,9892,2442
1677,JPX-XAG,10875,10883,10729,10739,3392
1678,JPX-CARD,9924,10085,9899,10055,2406
1678,JPX-ETFSH,9615,9668,9613,9668,2022
1678,JPX-GOLD,8474,8514,8472,8497,1254
1678,JPX-HT,11156,11191,11111,11111,1725
1678,JPX-JNAF,12658,12706,12641,12700,1322
1678,JPX-KTST,9603,9625,9596,9602,1435
1678,JPX-SIMP,9900,9909,9878,9882,1177
1678,JPX-XAG,10756,10760,10696,10734,1712
1679,JPX-CARD,10066,10067,9881,9912,3380
1679,JPX-ETFSH,9668,9695,9659,9664,2924
1679,JPX-GOLD,8514,8514,8458,8459,1743
1679,JPX-HT,11133,11133,11070,11080,1985
1679,JPX-JNAF,12687,12719,12641,12719,960
1679,JPX-KTST,9599,9665,9599,9641,1373
1679,JPX-SIMP,9900,9914,9885,9894,1347
1679,JPX-XAG,10740,10762,10684,10690,2352
1680,JPX-CARD,9923,9937,9903,9937,965
1680,JPX-ETFSH,9652,9652,9599,9607,1096
1680,JPX-GOLD,8451,8453,8402,8419,1049
1680,JPX-HT,11087,11112,11081,11093,736
1680,JPX-JNAF,12721,12813,12718,12785,475
1680,JPX-KTST,9633,9672,9614,9620,849
1680,JPX-SIMP,9904,9923,9904,9910,584
1680,JPX-XAG,10683,10725,10656,10660,2017
1681,JPX-CARD,9925,10183,9923,10172,4340
1681,JPX-ETFSH,9601,9627,9593,9593,1859
1681,JPX-GOLD,8407,8476,8407,8467,3051
1681,JPX-HT,11091,11101,11069,11080,1557
1681,JPX-JNAF,12810,12820,12733,12748,1585
1681,JPX-KTST,9620,9659,9617,9639,759
1681,JPX-SIMP,9906,9923,9885,9923,1760
1681,JPX-XAG,10660,10742,10641,10738,2433
1682,JPX-CARD,10181,10318,10146,10303,3034
1682,JPX-ETFSH,9577,9580,9534,9552,3320
1682,JPX-GOLD,8487,8492,8432,8432,1148
1682,JPX-HT,11092,11092,11053,11067,354
1682,JPX-JNAF,12747,12748,12605,12605,1457
1682,JPX-KTST,9628,9662,9610,9613,1193
1682,JPX-SIMP,9919,9919,9885,9898,1050
1682,JPX-XAG,10724,10779,10720,10740,2347
1683,JPX-CARD,10291,10308,10063,10093,2989
1683,JPX-ETFSH,9552,9566,9542,9565,1724
1683,JPX-GOLD,8429,8498,8429,8488,803
1683,JPX-HT,11067,11076,11025,11042,246
1683,JPX-JNAF,12625,12640,12538,12538,2984
1683,JPX-KTST,9630,9630,9618,9623,477
1683,JPX-SIMP,9894,9895,9882,9895,817
1683,JPX-XAG,10739,10760,10715,10734,2384
1684,JPX-CARD,10101,10103,9934,9934,4087
1684,JPX-ETFSH,9564,9629,9562,9599,1417
1684,JPX-GOLD,8480,8480,8421,8427,627
1684,JPX-HT,11044,11078,11026,11036,295
1684,JPX-JNAF,12518,12561,12449,12452,577
1684,JPX-KTST,9596,9648,9592,9612,993
1684,JPX-SIMP,9891,9893,9861,9872,1196
1684,JPX-XAG,10734,10734,10680,10691,2265
1685,JPX-CARD,9934,10022,9932,10009,4108
1685,JPX-ETFSH,9600,9610,9584,9593,2310
1685,JPX-GOLD,8424,8424,8363,8363,1705
1685,JPX-HT,11046,11058,11016,11022,513
1685,JPX-JNAF,12445,12506,12381,12461,1669
1685,JPX-KTST,9616,9620,9591,9598,1608
1685,JPX-SIMP,9862,9862,9826,9851,1050
1685,JPX-XAG,10715,10750,10688,10740,2418
1686,JPX-CARD,10008,10022,9826,9838,2721
1686,JPX-ETFSH,9593,9613,9553,9553,527
1686,JPX-GOLD,8380,8410,8379,8393,238
1686,JPX-HT,11033,11036,11005,11028,588
1686,JPX-JNAF,12498,12505,12481,12505,283
1686,JPX-KTST,9597,9623,9591,9616,649
1686,JPX-SIMP,9842,9868,9835,9868,1276
1686,JPX-XAG,10722,10774,10712,10773,1302
1687,JPX-CARD,9846,9850,9523,9571,2559
1687,JPX-ETFSH,9555,9571,9538,9571,322
1687,JPX-GOLD,8374,8387,8369,8373,123
1687,JPX-HT,11031,11111,11031,11111,295
1687,JPX-JNAF,12518,12531,12505,12531,517
1687,JPX-KTST,9590,9590,9570,9578,75
1687,JPX-SIMP,9847,9869,9830,9865,911
1687,JPX-XAG,10761,10778,10744,10778,677
1688,JPX-CARD,9573,9573,9405,9423,1732
1688,JPX-ETFSH,9572,9577,9563,9574,722
1688,JPX-GOLD,8373,8373,8291,8321,120
1688,JPX-HT,11110,11169,11081,11155,125
1688,JPX-JNAF,12525,12551,12520,12538,295
1688,JPX-KTST,9560,9579,9547,9572,225
1688,JPX-SIMP,9848,9871,9848,9861,2067
1688,JPX-XAG,10784,10790,10759,10763,675
1689,JPX-CARD,9423,9828,9254,9278,3965
1689,JPX-ETFSH,9575,9584,9566,9566,490
1689,JPX-GOLD,8312,8402,8310,8402,520
1689,JPX-HT,11114,11181,11110,11175,498
1689,JPX-JNAF,12529,12552,12504,12552,590
1689,JPX-KTST,9578,9600,9578,9596,508
1689,JPX-SIMP,9857,9994,9850,9850,4116
1689,JPX-XAG,10773,10818,10772,10812,939
1690,JPX-CARD,9282,9826,9244,9271,3687
1690,JPX-ETFSH,9566,9574,9534,9550,982
1690,JPX-GOLD,8407,8407,8327,8345,1071
1690,JPX-HT,11172,11189,11106,11177,336
1690,JPX-JNAF,12555,12594,12510,12591,713
1690,JPX-KTST,9601,9664,9601,9660,739
1690,JPX-SIMP,9873,9900,9846,9862,1344
1690,JPX-XAG,10785,10801,10758,10775,591
1691,JPX-CARD,9278,9411,9257,9400,4714
1691,JPX-ETFSH,9549,9570,9528,9557,1818
1691,JPX-GOLD,8339,8379,8300,8379,1291
1691,JPX-HT,11146,11148,11098,11098,426
1691,JPX-JNAF,12539,12614,12539,12563,817
1691,JPX-KTST,9660,9683,9593,9610,324
1691,JPX-SIMP,9862,9890,9862,9872,1820
1691,JPX-XAG,10796,10840,10782,10807,1971
1692,JPX-CARD,9400,9826,9389,9626,5512
1692,JPX-ETFSH,9554,9594,9554,9556,2608
1692,JPX-GOLD,8367,8388,8312,8350,1165
1692,JPX-HT,11113,11157,11096,11149,732
1692,JPX-JNAF,12616,12696,12595,12689,1025
1692,JPX-KTST,9611,9657,9589,9629,414
1692,JPX-SIMP,9896,9901,9874,9893,1131
1692,JPX-XAG,10802,10802,10706,10716,1976
1693,JPX-CARD,9625,9639,9381,9400,4104
1693,JPX-ETFSH,9547,9571,9543,9553,2144
1693,JPX-GOLD,8315,8393,8302,8337,1824
1693,JPX-HT,11153,11165,11088,11090,1064
1693,JPX-JNAF,12674,12764,12668,12690,1267
1693,JPX-KTST,9629,9649,9593,9610,499
1693,JPX-SIMP,9891,9893,9854,9878,1076
1693,JPX-XAG,10707,10741,10707,10733,1396
1694,JPX-CARD,9390,9395,9136,9136,1643
1694,JPX-ETFSH,9562,9588,9562,9565,487
1694,JPX-GOLD,8358,8429,8356,8428,653
1694,JPX-HT,11093,11113,11081,11081,157
1694,JPX-JNAF,12680,12761,12680,12735,440
1694,JPX-KTST,9584,9596,9563,9568,133
1694,JPX-SIMP,9882,9902,9876,9902,1030
1694,JPX-XAG,10737,10737,10684,10686,666
1695,JPX-CARD,9152,9383,8934,8940,2214
1695,JPX-ETFSH,9565,9566,9514,9533,2023
1695,JPX-GOLD,8425,8438,8349,8349,725
1695,JPX-HT,11079,11104,11042,11104,233
1695,JPX-JNAF,12692,12715,12691,12704,119
1695,JPX-KTST,9570,9585,9550,9558,391
1695,JPX-SIMP,9904,9917,9897,9908,1454
1695,JPX-XAG,10711,10746,10679,10682,472
1696,JPX-CARD,8952,9381,8697,8724,3817
1696,JPX-ETFSH,9548,9549,9544,9547,1278
1696,JPX-GOLD,8347,8348,8298,8340,816
1696,JPX-HT,11108,11150,11102,11143,470
1696,JPX-JNAF,12735,12755,12716,12752,351
1696,JPX-KTST,9565,9591,9534,9534,717
1696,JPX-SIMP,9916,9928,9893,9928,2691
1696,JPX-XAG,10687,10748,10687,10744,1001
1697,JPX-CARD,8724,8753,8646,8652,3996
1697,JPX-ETFSH,9544,9584,9528,9529,1258
1697,JPX-GOLD,8323,8383,8317,8383,1703
1697,JPX-HT,11115,11142,11067,11125,1325
1697,JPX-JNAF,12715,12777,12706,12752,648
1697,JPX-KTST,9554,9581,9543,9580,1209
1697,JPX-SIMP,9914,9961,9911,9961,2300
1697,JPX-XAG,10738,10745,10715,10737,1088
1698,JPX-CARD,8654,8743,8629,8740,5309
1698,JPX-ETFSH,9528,9529,9505,9509,1529
1698,JPX-GOLD,8366,8459,8361,8436,1960
1698,JPX-HT,11072,11109,11061,11079,590
1698,JPX-JNAF,12750,12795,12747,12757,881
1698,JPX-KTST,9570,9585,9521,9529,1140
1698,JPX-SIMP,9956,9977,9943,9973,1252
1698,JPX-XAG,10746,10754,10706,10712,1176
1699,JPX-CARD,8726,8979,8724,8979,5066
1699,JPX-ETFSH,9535,9537,9510,9529,2755
1699,JPX-GOLD,8416,8459,8299,8311,1946
1699,JPX-HT,11101,11143,11088,11092,626
1699,JPX-JNAF,12720,12911,12714,12911,770
1699,JPX-KTST,9543,9614,9541,9614,276
1699,JPX-SIMP,9964,9968,9953,9964,1416
1699,JPX-XAG,10712,10712,10577,10585,1720
1700,JPX-CARD,8979,9061,8946,9023,2966
1700,JPX-ETFSH,9530,9559,9527,9552,2219
1700,JPX-GOLD,8321,8325,8222,8315,2298
1700,JPX-HT,11103,11166,11098,11112,740
1700,JPX-JNAF,12913,12987,12895,12939,1576
1700,JPX-KTST,9601,9656,9597,9619,793
1700,JPX-SIMP,9950,9980,9931,9956,1912
1700,JPX-XAG,10596,10600,10546,10596,1780
1701,JPX-CARD,9036,9039,8946,8982,4064
1701,JPX-ETFSH,9552,9560,9483,9486,2278
1701,JPX-GOLD,8330,8334,8251,8282,1783
1701,JPX-HT,11115,11119,11079,11079,879
1701,JPX-JNAF,12934,12951,12903,12909,216
1701,JPX-KTST,9615,9637,9600,9633,868
1701,JPX-SIMP,9961,9986,9947,9983,1220
1701,JPX-XAG,10592,10657,10587,10657,993
1702,JPX-CARD,8984,8990,8895,8917,5120
1702,JPX-ETFSH,9485,9487,9382,9387,3631
1702,JPX-GOLD,8312,8416,8295,8414,2844
1702,JPX-HT,11079,11142,11079,11083,561
1702,JPX-JNAF,12950,12950,12861,12861,168
1702,JPX-KTST,9630,9644,9626,9641,548
1702,JPX-SIMP,9982,9989,9947,9967,1679
1702,JPX-XAG,10640,10693,10636,10687,1787
1703,JPX-CARD,8917,9078,8838,9071,7036
1703,JPX-ETFSH,9384,9464,9381,9456,5693
1703,JPX-GOLD,8397,8403,8352,8374,2694
1703,JPX-HT,11146,11198,11139,11165,1915
1703,JPX-JNAF,12890,12964,12857,12923,753
1703,JPX-KTST,9641,9710,9641,9677,2169
1703,JPX-SIMP,9962,9977,9933,9944,995
1703,JPX-XAG,10690,10709,10654,10681,3125
1704,JPX-CARD,9046,9152,9043,9144,4730
1704,JPX-ETFSH,9461,9484,9458,9478,4244
1704,JPX-GOLD,8338,8362,8305,8309,2767
1704,JPX-HT,11176,11223,11150,11223,2250
1704,JPX-JNAF,12909,12987,12903,12916,1729
1704,JPX-KTST,9679,9715,9677,9696,879
1704,JPX-SIMP,9941,9949,9930,9945,973
1704,JPX-XAG,10683,10706,10679,10681,2987
1705,JPX-CARD,9158,9339,9120,9325,5396
1705,JPX-ETFSH,9472,9548,9472,9532,4311
1705,JPX-GOLD,8304,8337,8252,8252,5662
1705,JPX-HT,11233,11233,11186,11219,2253
1705,JPX-JNAF,12951,13014,12932,13005,1658
1705,JPX-KTST,9696,9735,9696,9718,656
1705,JPX-SIMP,9922,9947,9911,9918,1134
1705,JPX-XAG,10706,10710,10651,10689,3268
1706,JPX-CARD,9328,9334,9150,9156,5496
1706,JPX-ETFSH,9532,9534,9505,9513,2140
1706,JPX-GOLD,8241,8329,8239,8308,2231
1706,JPX-HT,11221,11225,11169,11169,2846
1706,JPX-JNAF,13022,13028,12932,12932,1737
1706,JPX-KTST,9699,9715,9691,9691,1840
1706,JPX-SIMP,9924,9958,9910,9956,702
1706,JPX-XAG,10698,10739,10690,10735,3297
1707,JPX-CARD,9152,9155,9094,9104,4129
1707,JPX-ETFSH,9513,9516,9469,9473,2068
1707,JPX-GOLD,8322,8334,8280,8284,2527
1707,JPX-HT,11157,11229,11150,11226,1995
1707,JPX-JNAF,12939,12962,12896,12959,1852
1707,JPX-KTST,9709,9747,9681,9747,879
1707,JPX-SIMP,9947,9957,9932,9948,1094
1707,JPX-XAG,10734,10763,10708,10755,2188
1708,JPX-CARD,9095,9105,8981,9010,4189
1708,JPX-ETFSH,9473,9496,9465,9494,2479
1708,JPX-GOLD,8289,8293,8220,8250,2204
1708,JPX-HT,11231,11237,11199,11205,1498
1708,JPX-JNAF,12977,13043,12956,13004,1901
1708,JPX-KTST,9730,9730,9690,9707,402
1708,JPX-SIMP,9934,9975,9934,9975,1479
1708,JPX-XAG,10740,10744,10699,10721,2103
1709,JPX-CARD,9010,9014,8794,8826,4382
1709,JPX-ETFSH,9522,9524,9515,9517,2771
1709,JPX-GOLD,8238,8278,8219,8266,2246
1709,JPX-HT,11222,11247,11212,11223,1492
1709,JPX-JNAF,13029,13067,13015,13067,979
1709,JPX-KTST,9699,9735,9682,9682,1214
1709,JPX-SIMP,9959,9959,9917,9933,2452
1709,JPX-XAG,10710,10716,10683,10695,2721
1710,JPX-CARD,8822,9074,8812,9037,4609
1710,JPX-ETFSH,9514,9516,9476,9476,2352
1710,JPX-GOLD,8271,8339,8258,8338,2416
1710,JPX-HT,11216,11232,11169,11170,1377
1710,JPX-JNAF,13052,13067,13014,13056,996
1710,JPX-KTST,9695,9702,9648,9660,587
1710,JPX-SIMP,9943,9956,9934,9942,2158
1710,JPX-XAG,10679,10711,10670,10679,1932
1711,JPX-CARD,9029,9225,9026,9206,7185
1711,JPX-ETFSH,9476,9481,9451,9475,2115
1711,JPX-GOLD,8338,8391,8328,8370,1171
1711,JPX-HT,11194,11203,11161,11187,1691
1711,JPX-JNAF,13036,13080,12937,12949,916
1711,JPX-KTST,9676,9682,9605,9606,939
1711,JPX-SIMP,9938,9949,9929,9946,1802
1711,JPX-XAG,10686,10704,10667,10667,2367
1712,JPX-CARD,9212,9496,9209,9458,4569
1712,JPX-ETFSH,9473,9505,9470,9505,2031
1712,JPX-GOLD,8363,8377,8315,8377,760
1712,JPX-HT,11178,11191,11160,11178,1497
1712,JPX-JNAF,12944,12958,12880,12889,1079
1712,JPX-KTST,9610,9664,9609,9644,431
1712,JPX-SIMP,9941,9944,9916,9916,1896
1712,JPX-XAG,10667,10667,10600,10625,2707
1713,JPX-CARD,9466,9634,9462,9626,5917
1713,JPX-ETFSH,9503,9509,9500,9505,3055
1713,JPX-GOLD,8389,8408,8372,8397,1284
1713,JPX-HT,11172,11178,11098,11128,1587
1713,JPX-JNAF,12888,12919,12847,12847,1122
1713,JPX-KTST,9632,9673,9628,9656,639
1713,JPX-SIMP,9929,9938,9904,9917,1688
1713,JPX-XAG,10635,10658,10627,10635,1410
1714,JPX-CARD,9619,9813,9611,9802,6137
1714,JPX-ETFSH,9515,9518,9475,9497,1943
1714,JPX-GOLD,8395,8414,8363,8405,1752
1714,JPX-HT,11127,11188,11108,11184,1725
1714,JPX-JNAF,12823,12846,12790,12796,793
1714,JPX-KTST,9653,9666,9633,9649,745
1714,JPX-SIMP,9932,9967,9922,9938,4274
1714,JPX-XAG,10628,10704,10621,10704,1975
1715,JPX-CARD,9793,9830,9700,9743,5801
1715,JPX-ETFSH,9497,9520,9495,9519,2267
1715,JPX-GOLD,8412,8443,8406,8425,1644
1715,JPX-HT,11212,11218,11144,11208,873
1715,JPX-JNAF,12809,12835,12727,12760,537
1715,JPX-KTST,9640,9644,9601,9603,1046
1715,JPX-SIMP,9928,9936,9893,9935,1774
1715,JPX-XAG,10697,10720,10643,10653,2618
1716,JPX-CARD,9739,9798,9703,9795,7460
1716,JPX-ETFSH,9505,9512,9501,9505,1770
1716,JPX-GOLD,8428,8461,8413,8437,1185
1716,JPX-HT,11216,11222,11183,11220,577
1716,JPX-JNAF,12769,12769,12666,12679,1161
1716,JPX-KTST,9579,9613,9579,9601,3817
1716,JPX-SIMP,9935,9941,9909,9928,3102
1716,JPX-XAG,10644,10667,10619,10656,1634
1717,JPX-CARD,9778,9799,9594,9617,5807
1717,JPX-ETFSH,9524,9574,9523,9535,2538
1717,JPX-GOLD,8440,8455,8396,8399,2670
1717,JPX-HT,11230,11233,11160,11180,533
1717,JPX-JNAF,12680,12738,12667,12692,1929
1717,JPX-KTST,9601,9613,9588,9594,1921
1717,JPX-SIMP,9936,9977,9933,9956,3938
1717,JPX-XAG,10638,10692,10625,10678,1948
1718,JPX-CARD,9630,9836,9610,9828,5187
1718,JPX-ETFSH,9535,9548,9531,9542,3416
1718,JPX-GOLD,8412,8480,8391,8475,3573
1718,JPX-HT,11184,11199,11122,11122,308
1718,JPX-JNAF,12688,12725,12654,12701,749
1718,JPX-KTST,9565,9599,9538,9542,2189
1718,JPX-SIMP,9969,9989,9908,9969,5064
1718,JPX-XAG,10675,10675,10614,10653,2653
1719,JPX-CARD,9837,9907,9805,9905,3207
1719,JPX-ETFSH,9538,9567,9532,9536,3133
1719,JPX-GOLD,8478,8479,8402,8407,2340
1719,JPX-HT,11131,11182,11109,11179,206
1719,JPX-JNAF,12665,12704,12643,12651,212
1719,JPX-KTST,9529,9562,9520,9562,2053
1719,JPX-SIMP,9964,9994,9893,9957,5023
1719,JPX-XAG,10636,10650,10586,10612,2510
1720,JPX-CARD,9911,9940,9890,9890,3840
1720,JPX-ETFSH,9536,9538,9520,9536,1820
1720,JPX-GOLD,8411,8469,8411,8462,2242
1720,JPX-HT,11202,11244,11202,11240,588
1720,JPX-JNAF,12666,12704,12654,12682,568
1720,JPX-KTST,9541,9582,9537,9580,1522
1720,JPX-SIMP,9973,10020,9967,10020,5414
1720,JPX-XAG,10617,10626,10584,10590,2834
1721,JPX-CARD,9905,9990,9794,9962,7620
1721,JPX-ETFSH,9522,9554,9508,9509,3139
1721,JPX-GOLD,8451,8486,8422,8427,2621
1721,JPX-HT,11246,11332,11227,11332,1274
1721,JPX-JNAF,12686,12686,12621,12666,1506
1721,JPX-KTST,9572,9619,9572,9609,2112
1721,JPX-SIMP,10020,10043,10018,10036,5243
1721,JPX-XAG,10566,10615,10556,10609,4022
1722,JPX-CARD,9957,9994,9902,9909,7982
1722,JPX-ETFSH,9509,9521,9496,9520,2719
1722,JPX-GOLD,8432,8442,8397,8418,2752
1722,JPX-HT,11327,11374,11297,11297,405
1722,JPX-JNAF,12672,12725,12672,12701,394
1722,JPX-KTST,9600,9604,9553,9563,2188
1722,JPX-SIMP,10027,10042,10005,10030,4067
1722,JPX-XAG,10610,10646,10594,10609,3858
1723,JPX-CARD,9911,10050,9890,10050,6967
1723,JPX-ETFSH,9525,9527,9506,9516,2049
1723,JPX-GOLD,8416,8418,8369,8379,4062
1723,JPX-HT,11308,11335,11294,11333,205
1723,JPX-JNAF,12695,12739,12689,12702,739
1723,JPX-KTST,9571,9594,9548,9580,2606
1723,JPX-SIMP,10033,10041,9999,10007,2378
1723,JPX-XAG,10630,10637,10581,10626,2635
1724,JPX-CARD,10050,10055,9950,9971,6351
1724,JPX-ETFSH,9527,9529,9509,9509,821
1724,JPX-GOLD,8404,8423,8379,8390,1474
1724,JPX-HT,11329,11329,11251,11275,916
1724,JPX-JNAF,12708,12708,12589,12620,648
1724,JPX-KTST,9570,9595,9548,9579,1343
1724,JPX-SIMP,10010,10011,9969,10005,3399
1724,JPX-XAG,10595,10618,10570,10575,913
1725,JPX-CARD,9967,9984,9917,9953,6841
1725,JPX-ETFSH,9509,9515,9492,9492,2264
1725,JPX-GOLD,8405,8408,8337,8337,4125
1725,JPX-HT,11264,11348,11264,11348,1243
1725,JPX-JNAF,12643,12705,12627,12693,2336
1725,JPX-KTST,9580,9619,9551,9606,2756
1725,JPX-SIMP,10003,10038,9988,10031,5579
1725,JPX-XAG,10551,10553,10471,10495,1374
1726,JPX-CARD,9947,9998,9921,9978,6574
1726,JPX-ETFSH,9493,9505,9478,9502,2331
1726,JPX-GOLD,8323,8350,8315,8315,4399
1726,JPX-HT,11346,11348,11278,11309,1492
1726,JPX-JNAF,12709,12733,12677,12689,1621
1726,JPX-KTST,9618,9668,9613,9658,2171
1726,JPX-SIMP,10031,10050,9999,10024,4368
1726,JPX-XAG,10496,10555,10494,10518,2989
1727,JPX-CARD,9988,10024,9871,9882,7639
1727,JPX-ETFSH,9479,9481,9411,9411,1795
1727,JPX-GOLD,8327,8389,8326,8352,3086
1727,JPX-HT,11298,11308,11249,11296,1068
1727,JPX-JNAF,12681,12681,12643,12671,127
1727,JPX-KTST,9657,9659,9588,9596,2297
1727,JPX-SIMP,10013,10048,9993,10039,6797
1727,JPX-XAG,10518,10552,10492,10552,2321
1728,JPX-CARD,9876,10211,9870,10206,8408
1728,JPX-ETFSH,9411,9444,9409,9420,4087
1728,JPX-GOLD,8336,8360,8327,8360,1735
1728,JPX-HT,11269,11307,11261,11268,1628
1728,JPX-JNAF,12654,12654,12588,12588,357
1728,JPX-KTST,9601,9626,9576,9578,2163
1728,JPX-SIMP,10037,10063,10001,10021,6420
1728,JPX-XAG,10552,10586,10494,10583,2392
1729,JPX-CARD,10212,10216,9968,9968,8150
1729,JPX-ETFSH,9417,9440,9409,9439,4445
1729,JPX-GOLD,8354,8371,8339,8358,1358
1729,JPX-HT,11277,11277,11234,11238,446
1729,JPX-JNAF,12568,12589,12523,12533,1309
1729,JPX-KTST,9575,9619,9575,9584,1101
1729,JPX-SIMP,10055,10059,10018,10039,5617
1729,JPX-XAG,10588,10607,10567,10595,2293
1730,JPX-CARD,9987,10015,9813,9843,9731
1730,JPX-ETFSH,9438,9452,9412,9416,4602
1730,JPX-GOLD,8367,8384,8356,8356,1979
1730,JPX-HT,11205,11247,11204,11243,980
1730,JPX-JNAF,12513,12595,12513,12587,602
1730,JPX-KTST,9568,9599,9566,9583,1781
1730,JPX-SIMP,10043,10052,10016,10030,6206
1730,JPX-XAG,10589,10593,10524,10524,2826
1731,JPX-CARD,9832,10060,9744,10038,7559
1731,JPX-ETFSH,9439,9468,9435,9465,3957
1731,JPX-GOLD,8345,8400,8341,8376,3259
1731,JPX-HT,11231,11273,11229,11233,1087
1731,JPX-JNAF,12552,12626,12523,12556,377
1731,JPX-KTST,9557,9583,9542,9566,1810
1731,JPX-SIMP,10036,10062,10026,10046,7212
1731,JPX-XAG,10515,10554,10497,10545,3996
1732,JPX-CARD,10030,10504,9774,9780,8471
1732,JPX-ETFSH,9468,9472,9464,9472,1846
1732,JPX-GOLD,8370,8375,8357,8375,1996
1732,JPX-HT,11243,11263,11213,11217,233
1732,JPX-JNAF,12538,12565,12525,12544,96
1732,JPX-KTST,9579,9583,9559,9577,1038
1732,JPX-SIMP,10050,10070,10011,10059,7402
1732,JPX-XAG,10540,10587,10532,10553,2015
1733,JPX-CARD,9777,10025,9770,10021,5529
1733,JPX-ETFSH,9470,9470,9439,9450,3103
1733,JPX-GOLD,8379,8388,8338,8384,1743
1733,JPX-HT,11216,11237,11183,11183,410
1733,JPX-JNAF,12515,12544,12498,12524,1057
1733,JPX-KTST,9566,9627,9562,9604,620
1733,JPX-SIMP,10035,10060,10032,10054,7259
1733,JPX-XAG,10547,10578,10507,10568,3155
1734,JPX-CARD,10028,10032,9782,9819,3855
1734,JPX-ETFSH,9450,9477,9448,9469,785
1734,JPX-GOLD,8362,8362,8312,8312,1005
1734,JPX-HT,11179,11179,10559,10559,1391
1734,JPX-JNAF,12494,12519,12478,12497,726
1734,JPX-KTST,9601,9627,9579,9583,854
1734,JPX-SIMP,10054,10065,10024,10055,4066
1734,JPX-XAG,10550,10613,10550,10565,1006
1735,JPX-CARD,9838,10002,9815,9963,3651
1735,JPX-ETFSH,9469,9469,9442,9449,308
1735,JPX-GOLD,8305,8342,8304,8333,2373
1735,JPX-HT,10365,11000,10223,10432,3475
1735,JPX-JNAF,12499,12509,12438,12438,1496
1735,JPX-KTST,9602,9603,9579,9591,753
1735,JPX-SIMP,10042,10068,10042,10064,3053
1735,JPX-XAG,10555,10599,10555,10589,644
1736,JPX-CARD,9967,10015,9967,10007,1794
1736,JPX-ETFSH,9461,9469,9439,9469,523
1736,JPX-GOLD,8312,8357,8300,8345,2207
1736,JPX-HT,10440,11097,10440,11095,292
1736,JPX-JNAF,12466,12472,12342,12348,933
1736,JPX-KTST,9593,9629,9577,9625,306
1736,JPX-SIMP,10051,10067,10030,10047,1504
1736,JPX-XAG,10602,10639,10602,10636,899
1737,JPX-CARD,10003,10023,9785,9801,3566
1737,JPX-ETFSH,9469,9471,9425,9453,751
1737,JPX-GOLD,8325,8327,8288,8309,1302
1737,JPX-HT,11172,11230,11168,11204,1076
1737,JPX-JNAF,12360,12369,12331,12337,689
1737,JPX-KTST,9598,9639,9584,9639,1342
1737,JPX-SIMP,10046,10075,10032,10050,1257
1737,JPX-XAG,10612,10624,10579,10595,1253
1738,JPX-CARD,9792,9810,9658,9674,3046
1738,JPX-ETFSH,9453,9474,9448,9457,833
1738,JPX-GOLD,8307,8363,8303,8361,1330
1738,JPX-HT,11216,11216,11165,11181,561
1738,JPX-JNAF,12354,12367,12337,12356,671
1738,JPX-KTST,9609,9611,9562,9571,1640
1738,JPX-SIMP,10040,10073,10037,10053,1286
1738,JPX-XAG,10586,10586,10571,10579,1008
1739,JPX-CARD,9670,9686,9606,9633,3876
1739,JPX-ETFSH,9447,9464,9447,9453,1221
1739,JPX-GOLD,8332,8359,8330,8338,1165
1739,JPX-HT,11160,11184,11149,11154,1097
1739,JPX-JNAF,12373,12448,12373,12448,1214
1739,JPX-KTST,9564,9638,9561,9637,1092
1739,JPX-SIMP,10047,10070,10033,10035,1798
1739,JPX-XAG,10571,10572,10511,10518,3284
1740,JPX-CARD,9621,9632,9529,9544,3693
1740,JPX-ETFSH,9437,9449,9434,9447,701
1740,JPX-GOLD,8323,8328,8294,8294,395
1740,JPX-HT,11131,11142,11119,11119,1300
1740,JPX-JNAF,12430,12430,12375,12399,1409
1740,JPX-KTST,9599,9615,9584,9609,1045
1740,JPX-SIMP,10037,10060,10023,10057,1641
1740,JPX-XAG,10519,10533,10519,10525,963
1741,JPX-CARD,9519,9805,9519,9804,2750
1741,JPX-ETFSH,9447,9447,9431,9440,884
1741,JPX-GOLD,8292,8293,8256,8283,906
1741,JPX-HT,11126,11145,11110,11125,790
1741,JPX-JNAF,12401,12410,12388,12405,519
1741,JPX-KTST,9610,9685,9610,9679,511
1741,JPX-SIMP,10064,10075,10055,10065,1507
1741,JPX-XAG,10532,10582,10530,10540,689
1742,JPX-CARD,9797,9809,9525,9540,3367
1742,JPX-ETFSH,9422,9433,9418,9418,679
1742,JPX-GOLD,8291,8293,8261,8264,600
1742,JPX-HT,11104,11108,11048,11077,1665
1742,JPX-JNAF,12407,12407,12379,12380,201
1742,JPX-KTST,9660,9670,9647,9663,749
1742,JPX-SIMP,10067,10077,10052,10052,1966
1742,JPX-XAG,10541,10565,10537,10549,925
1743,JPX-CARD,9537,9659,9500,9657,2553
1743,JPX-ETFSH,9418,9418,9410,9412,313
1743,JPX-GOLD,8245,8262,8228,8254,727
1743,JPX-HT,11084,11091,11045,11045,1346
1743,JPX-JNAF,12399,12410,12381,12385,194
1743,JPX-KTST,9644,9685,9618,9685,407
1743,JPX-SIMP,10057,10057,10022,10029,2279
1743,JPX-XAG,10548,10572,10548,10572,840
1744,JPX-CARD,9663,9845,9655,9816,3280
1744,JPX-ETFSH,9414,9416,9406,9408,771
1744,JPX-GOLD,8228,8326,8228,8280,1201
1744,JPX-HT,11025,11060,10983,10985,1028
1744,JPX-JNAF,12386,12392,12308,12308,168
1744,JPX-KTST,9685,9693,9639,9642,946
1744,JPX-SIMP,10039,10060,10015,10059,1152
1744,JPX-XAG,10553,10619,10548,10596,1148
1745,JPX-CARD,9833,9896,9582,9818,5001
1745,JPX-ETFSH,9401,9414,9389,9413,1705
1745,JPX-GOLD,8280,8280,8202,8204,1817
1745,JPX-HT,10987,11048,10987,11023,630
1745,JPX-JNAF,12322,12397,12319,12343,544
1745,JPX-KTST,9650,9650,9607,9624,457
1745,JPX-SIMP,10033,10067,10029,10043,1960
1745,JPX-XAG,10596,10596,10573,10587,2308
1746,JPX-CARD,9606,9777,9602,9774,6594
1746,JPX-ETFSH,9391,9451,9391,9448,1137
1746,JPX-GOLD,8214,8216,8008,8166,2778
1746,JPX-HT,11027,11067,11012,11061,1289
1746,JPX-JNAF,12390,12396,12361,12361,477
1746,JPX-KTST,9625,9706,9625,9699,803
1746,JPX-SIMP,10042,10068,10035,10044,2574
1746,JPX-XAG,10566,10577,10538,10538,1897
1747,JPX-CARD,9755,9772,9462,9513,6776
1747,JPX-ETFSH,9432,9436,9389,9389,1267
1747,JPX-GOLD,8183,8191,8169,8180,2401
1747,JPX-HT,11047,11091,11038,11067,2361
1747,JPX-JNAF,12375,12396,12362,12396,199
1747,JPX-KTST,9701,9705,9666,9674,1260
1747,JPX-SIMP,10054,10058,10007,10017,5290
1747,JPX-XAG,10538,10587,10511,10557,4318
1748,JPX-CARD,9515,9520,9321,9345,1840
1748,JPX-ETFSH,9405,9407,9391,9392,563
1748,JPX-GOLD,8178,8194,8173,8176,1621
1748,JPX-HT,11075,11081,11035,11081,1485
1748,JPX-JNAF,12379,12408,12364,12401,296
1748,JPX-KTST,9671,9698,9642,9690,1584
1748,JPX-SIMP,10021,10028,9995,10020,2894
1748,JPX-XAG,10557,10557,10499,10499,938
1749,JPX-CARD,9334,9490,9323,9446,4338
1749,JPX-ETFSH,9392,9392,9359,9364,905
1749,JPX-GOLD,8174,8175,8008,8008,2364
1749,JPX-HT,11085,11085,11054,11054,2144
1749,JPX-JNAF,12385,12388,12340,12340,106
1749,JPX-KTST,9740,9740,9674,9697,572
1749,JPX-SIMP,10027,10041,9999,10028,5322
1749,JPX-XAG,10516,10526,10481,10526,2121
1750,JPX-CARD,9463,9466,9254,9272,3946
1750,JPX-ETFSH,9363,9371,9344,9345,670
1750,JPX-GOLD,8119,8121,8084,8099,2532
1750,JPX-HT,11045,11103,11040,11103,2275
1750,JPX-JNAF,12355,12400,12351,12400,318
1750,JPX-KTST,9715,9750,9685,9744,1333
1750,JPX-SIMP,10018,10077,9981,9987,5218
1750,JPX-XAG,10526,10541,10478,10511,1773
1751,JPX-CARD,9288,9301,9279,9299,742
1751,JPX-ETFSH,9345,9347,9319,9326,906
1751,JPX-GOLD,8099,8100,8064,8098,1621
1751,JPX-HT,11085,11139,11085,11102,795
1751,JPX-JNAF,12388,12441,12370,12424,1372
1751,JPX-KTST,9750,9782,9746,9777,1310
1751,JPX-SIMP,9987,10030,9986,10006,3052
1751,JPX-XAG,10497,10512,10474,10499,486
1752,JPX-CARD,9297,9298,9154,9165,2023
1752,JPX-ETFSH,9322,9329,9301,9329,1883
1752,JPX-GOLD,8126,8142,8110,8129,1637
1752,JPX-HT,11103,11111,11065,11067,2525
1752,JPX-JNAF,12412,12418,12301,12327,2466
1752,JPX-KTST,9781,9785,9732,9741,1233
1752,JPX-SIMP,10036,10036,9983,9990,5919
1752,JPX-XAG,10517,10539,10473,10486,1578
1753,JPX-CARD,9175,9398,9159,9369,4063
1753,JPX-ETFSH,9303,9308,9278,9283,1904
1753,JPX-GOLD,8114,8132,8108,8131,1464
1753,JPX-HT,11073,11100,11064,11093,3418
1753,JPX-JNAF,12329,12364,12304,12325,3230
1753,JPX-KTST,9753,9778,9717,9722,1340
1753,JPX-SIMP,10000,10027,9969,9969,8443
1753,JPX-XAG,10486,10507,10411,10449,1095
1754,JPX-CARD,9370,9459,9369,9436,4071
1754,JPX-ETFSH,9284,9333,9268,9308,1102
1754,JPX-GOLD,8129,8153,8112,8150,1183
1754,JPX-HT,11091,11145,11085,11145,2372
1754,JPX-JNAF,12273,12374,12272,12374,2468
1754,JPX-KTST,9715,9747,9701,9707,2257
1754,JPX-SIMP,10006,10055,9995,10037,3396
1754,JPX-XAG,10433,10448,10404,10421,2481
1755,JPX-CARD,9433,9530,9433,9505,4327
1755,JPX-ETFSH,9308,9310,9279,9284,1461
1755,JPX-GOLD,8126,8148,8121,8126,572
1755,JPX-HT,11132,11177,11104,11122,2578
1755,JPX-JNAF,12411,12465,12375,12443,1418
1755,JPX-KTST,9720,9722,9675,9675,1919
1755,JPX-SIMP,10017,10049,10015,10029,1622
1755,JPX-XAG,10418,10420,10372,10372,2315
1756,JPX-CARD,9507,9719,9486,9695,4722
1756,JPX-ETFSH,9284,9290,9268,9269,744
1756,JPX-GOLD,8125,8146,8096,8103,1726
1756,JPX-HT,11122,11171,11115,11158,2300
1756,JPX-JNAF,12407,12429,12362,12371,2661
1756,JPX-KTST,9702,9706,9633,9645,2537
1756,JPX-SIMP,10033,10073,10025,10072,2014
1756,JPX-XAG,10379,10382,10350,10374,1942
1757,JPX-CARD,9694,9989,9030,9989,9484
1757,JPX-ETFSH,9269,9283,9260,9260,654
1757,JPX-GOLD,8102,8125,8071,8073,1822
1757,JPX-HT,11158,11233,11157,11225,2697
1757,JPX-JNAF,12346,12412,12346,12363,1572
1757,JPX-KTST,9652,9658,9607,9631,2195
1757,JPX-SIMP,10078,10098,10068,10085,1265
1757,JPX-XAG,10365,10423,10335,10422,2136
1758,JPX-CARD,9990,10147,9950,10132,7206
1758,JPX-ETFSH,9263,9269,9226,9228,1774
1758,JPX-GOLD,8108,8112,8086,8094,916
1758,JPX-HT,11211,11243,11203,11232,2012
1758,JPX-JNAF,12369,12397,12353,12388,1969
1758,JPX-KTST,9615,9677,9604,9664,2203
1758,JPX-SIMP,10081,10096,10067,10092,1226
1758,JPX-XAG,10412,10436,10392,10400,1219
1759,JPX-CARD,10125,10162,10009,10054,6494
1759,JPX-ETFSH,9228,9252,9222,9252,2711
1759,JPX-GOLD,8082,8104,8078,8085,1269
1759,JPX-HT,11238,11273,11215,11256,2566
1759,JPX-JNAF,12383,12446,12383,12446,1478
1759,JPX-KTST,9678,9692,9637,9672,1746
1759,JPX-SIMP,10092,10093,10046,10052,2567
1759,JPX-XAG,10400,10419,10389,10391,746
1760,JPX-CARD,10036,10169,10022,10152,6198
1760,JPX-ETFSH,9252,9259,9250,9259,955
1760,JPX-GOLD,8096,8099,8070,8073,1060
1760,JPX-HT,11260,11273,11227,11227,1644
1760,JPX-JNAF,12450,12520,12447,12482,378
1760,JPX-KTST,9679,9696,9642,9688,1712
1760,JPX-SIMP,10068,10074,10020,10039,2359
1760,JPX-XAG,10392,10392,10339,10345,1652
1761,JPX-CARD,10156,10161,9902,9917,4517
1761,JPX-ETFSH,9259,9259,9237,9247,1712
1761,JPX-GOLD,8081,8089,8057,8072,1776
1761,JPX-HT,11249,11253,11175,11183,1134
1761,JPX-JNAF,12482,12530,12449,12492,216
1761,JPX-KTST,9654,9666,9617,9660,1257
1761,JPX-SIMP,10049,10069,10035,10062,2761
1761,JPX-XAG,10337,10369,10328,10341,1384
1762,JPX-CARD,9921,9921,9870,9890,3277
1762,JPX-ETFSH,9248,9250,9228,9228,759
1762,JPX-GOLD,8084,8090,8048,8048,1564
1762,JPX-HT,11171,11185,11138,11171,1528
1762,JPX-JNAF,12483,12526,12458,12497,1287
1762,JPX-KTST,9653,9707,9641,9707,1009
1762,JPX-SIMP,10046,10064,10026,10059,3372
1762,JPX-XAG,10333,10333,10282,10282,1602
1763,JPX-CARD,9877,10190,9866,10166,6288
1763,JPX-ETFSH,9226,9229,9199,9199,1513
1763,JPX-GOLD,8050,8085,8050,8068,722
1763,JPX-HT,11144,11179,11116,11120,1055
1763,JPX-JNAF,12459,12858,12436,12858,607
1763,JPX-KTST,9683,9705,9662,9689,985
1763,JPX-SIMP,10049,10070,10026,10030,2426
1763,JPX-XAG,10291,10320,10287,10315,2393
1764,JPX-CARD,10167,10319,10166,10315,5314
1764,JPX-ETFSH,9199,9202,9191,9197,1839
1764,JPX-GOLD,8090,8090,8045,8046,1638
1764,JPX-HT,11123,11142,11102,11132,1108
1764,JPX-JNAF,12875,14264,12866,14245,3031
1764,JPX-KTST,9670,9674,9636,9652,3379
1764,JPX-SIMP,10034,10072,10018,10055,5716
1764,JPX-XAG,10298,10332,10278,10321,1665
1765,JPX-CARD,10323,10334,10072,10134,6844
1765,JPX-ETFSH,9199,9199,9180,9186,637
1765,JPX-GOLD,8052,8067,8043,8049,2119
1765,JPX-HT,11138,11185,11132,11179,1335
1765,JPX-JNAF,14291,15795,13155,15795,1453
1765,JPX-KTST,9648,9658,9627,9651,1277
1765,JPX-SIMP,10064,10075,10017,10021,6095
1765,JPX-XAG,10321,10340,10300,10318,1185
1766,JPX-CARD,10091,10092,10013,10013,3739
1766,JPX-ETFSH,9178,9195,9168,9189,564
1766,JPX-GOLD,8063,8084,8052,8082,1534
1766,JPX-HT,11208,11210,11171,11201,1224
1766,JPX-JNAF,13352,13352,12488,12500,3308
1766,JPX-KTST,9643,9680,9638,9652,1486
1766,JPX-SIMP,10018,10035,9996,10013,4340
1766,JPX-XAG,10318,10326,10273,10294,915
1767,JPX-CARD,10012,10209,10012,10200,4365
1767,JPX-ETFSH,9187,9195,9186,9195,488
1767,JPX-GOLD,8064,8064,8031,8055,1746
1767,JPX-HT,11186,11241,11161,11224,868
1767,JPX-JNAF,12513,12549,12506,12549,2047
1767,JPX-KTST,9669,9860,9669,9858,1557
1767,JPX-SIMP,10017,10018,9989,9990,3731
1767,JPX-XAG,10318,10344,10303,10342,551
1768,JPX-CARD,10233,10504,10090,10095,4801
1768,JPX-ETFSH,9195,9195,9171,9174,1203
1768,JPX-GOLD,8078,8080,8010,8039,2304
1768,JPX-HT,11209,11260,11199,11227,1218
1768,JPX-JNAF,12534,12636,12486,12545,3604
1768,JPX-KTST,9860,10105,9860,10105,1030
1768,JPX-SIMP,10006,10035,9990,9991,3358
1768,JPX-XAG,10347,10355,10322,10324,429
1769,JPX-CARD,10093,10185,10059,10185,3067
1769,JPX-ETFSH,9171,9198,9171,9181,1460
1769,JPX-GOLD,8037,8087,8036,8087,2435
1769,JPX-HT,11225,11242,11194,11200,1036
1769,JPX-JNAF,12516,12522,12361,12364,2939
1769,JPX-KTST,10100,10129,10058,10059,1264
1769,JPX-SIMP,10019,10023,9982,10000,3141
1769,JPX-XAG,10345,10376,10341,10374,865
1770,JPX-CARD,10174,10447,10168,10439,3221
1770,JPX-ETFSH,9180,9202,9180,9193,1428
1770,JPX-GOLD,8084,8089,8072,8072,921
1770,JPX-HT,11210,11244,11192,11200,1238
1770,JPX-JNAF,12333,12333,12242,12272,819
1770,JPX-KTST,10040,10078,10011,10078,3793
1770,JPX-SIMP,9991,9999,9964,9994,1296
1770,JPX-XAG,10378,10403,10364,10400,976
1771,JPX-CARD,10456,10458,10396,10396,3538
1771,JPX-ETFSH,9194,9211,9176,9211,1450
1771,JPX-GOLD,8067,8106,8064,8087,1040
1771,JPX-HT,11195,11242,11178,11200,3740
1771,JPX-JNAF,12311,12374,12278,12280,1676
1771,JPX-KTST,10065,10092,9997,10015,2183
1771,JPX-SIMP,9993,10040,9993,10003,4101
1771,JPX-XAG,10392,10442,10387,10440,1484
1772,JPX-CARD,10391,10397,10165,10195,5243
1772,JPX-ETFSH,9218,9238,9218,9238,2613
1772,JPX-GOLD,8084,8092,8062,8067,880
1772,JPX-HT,11222,11237,11190,11198,3977
1772,JPX-JNAF,12289,12319,12281,12301,1389
1772,JPX-KTST,10014,10016,9925,9925,1324
1772,JPX-SIMP,10007,10017,9984,10013,2522
1772,JPX-XAG,10442,10458,10401,10458,802
1773,JPX-CARD,10202,10221,10123,10146,4478
1773,JPX-ETFSH,9237,9259,9233,9255,1476
1773,JPX-GOLD,8096,8098,8046,8046,2510
1773,JPX-HT,11222,11226,11169,11188,2244
1773,JPX-JNAF,12292,12344,12265,12285,1853
1773,JPX-KTST,9920,9920,9784,9784,931
1773,JPX-SIMP,10014,10024,9984,10022,4416
1773,JPX-XAG,10431,10460,10405,10460,895
1774,JPX-CARD,10149,10177,10073,10073,6431
1774,JPX-ETFSH,9255,9268,9251,9267,3009
1774,JPX-GOLD,8084,8092,8068,8079,2401
1774,JPX-HT,11184,11210,11164,11195,1148
1774,JPX-JNAF,12281,12281,12210,12263,809
1774,JPX-KTST,9783,9788,9749,9767,1729
1774,JPX-SIMP,10012,10020,9980,10000,4078
1774,JPX-XAG,10463,10463,10381,10407,1891
1775,JPX-CARD,10118,10132,9998,10017,5030
1775,JPX-ETFSH,9263,9265,9236,9241,2183
1775,JPX-GOLD,8080,8098,8053,8074,3549
1775,JPX-HT,11210,11214,11101,11134,2033
1775,JPX-JNAF,12295,12311,12194,12210,1479
1775,JPX-KTST,9744,9759,9702,9714,2957
1775,JPX-SIMP,9999,10023,9984,9986,4562
1775,JPX-XAG,10402,10428,10373,10403,1261
1776,JPX-CARD,10020,10117,9718,9723,4324
1776,JPX-ETFSH,9249,9268,9244,9265,1426
1776,JPX-GOLD,8074,8098,8024,8025,2266
1776,JPX-HT,11149,11176,11100,11176,1115
1776,JPX-JNAF,12201,12210,12066,12069,1254
1776,JPX-KTST,9687,9699,9675,9691,1637
1776,JPX-SIMP,10001,10027,9990,9995,2384
1776,JPX-XAG,10395,10420,10368,10413,590
1777,JPX-CARD,9738,9749,9721,9724,3338
1777,JPX-ETFSH,9268,9269,9218,9218,1029
1777,JPX-GOLD,8042,8057,8032,8042,1554
1777,JPX-HT,11157,11177,11157,11173,550
1777,JPX-JNAF,12049,12049,11562,11570,1305
1777,JPX-KTST,9695,9726,9646,9646,1307
1777,JPX-SIMP,10002,10026,10001,10001,1367
1777,JPX-XAG,10400,10405,10352,10352,220
1778,JPX-CARD,9735,9741,9455,9458,3484
1778,JPX-ETFSH,9218,9240,9216,9230,970
1778,JPX-GOLD,8036,8061,8024,8036,1611
1778,JPX-HT,11193,11193,11121,11156,340
1778,JPX-JNAF,11478,11478,10894,10900,1471
1778,JPX-KTST,9703,9712,9692,9701,1574
1778,JPX-SIMP,10000,10017,9991,10014,1997
1778,JPX-XAG,10337,10337,10272,10292,323
1779,JPX-CARD,9483,9483,9295,9295,2612
1779,JPX-ETFSH,9231,9231,9205,9205,769
1779,JPX-GOLD,8031,8076,8031,8076,559
1779,JPX-HT,11170,11174,11140,11158,442
1779,JPX-JNAF,10861,10863,10815,10828,825
1779,JPX-KTST,9685,9731,9685,9714,1368
1779,JPX-SIMP,10014,10014,9997,10005,1332
1779,JPX-XAG,10292,10319,10284,10304,495
1780,JPX-CARD,9300,9300,9211,9211,3821
1780,JPX-ETFSH,9195,9201,9143,9143,528
1780,JPX-GOLD,8069,8104,8061,8096,1528
1780,JPX-HT,11154,11207,11147,11181,854
1780,JPX-JNAF,10815,10819,10788,10808,1290
1780,JPX-KTST,9726,9739,9682,9735,1702
1780,JPX-SIMP,10009,10016,9990,10000,1906
1780,JPX-XAG,10311,10321,10298,10321,605
1781,JPX-CARD,9213,10122,9204,9351,3881
1781,JPX-ETFSH,9160,9191,9153,9188,982
1781,JPX-GOLD,8078,8111,8074,8079,1507
1781,JPX-HT,11185,11208,11160,11205,1452
1781,JPX-JNAF,10803,10835,10803,10820,2413
1781,JPX-KTST,9720,9742,9716,9732,1766
1781,JPX-SIMP,10015,10021,9977,10005,3352
1781,JPX-XAG,10326,10360,10313,10360,454
1782,JPX-CARD,9367,9369,9151,9155,2772
1782,JPX-ETFSH,9183,9206,9181,9206,862
1782,JPX-GOLD,8096,8096,8066,8085,1339
1782,JPX-HT,11196,11239,11189,11221,927
1782,JPX-JNAF,10856,10860,10820,10820,1535
1782,JPX-KTST,9729,9749,9703,9725,1546
1782,JPX-SIMP,9982,10022,9982,10003,3377
1782,JPX-XAG,10346,10346,10263,10263,244
1783,JPX-CARD,9154,9349,9147,9337,2966
1783,JPX-ETFSH,9206,9221,9199,9221,936
1783,JPX-GOLD,8089,8089,8067,8078,1220
1783,JPX-HT,11218,11224,11194,11210,1052
1783,JPX-JNAF,10827,10848,10797,10803,1804
1783,JPX-KTST,9738,9749,9720,9739,712
1783,JPX-SIMP,10009,10013,9993,10012,2599
1783,JPX-XAG,10290,10298,10272,10272,588
1784,JPX-CARD,9333,9425,9320,9387,3044
1784,JPX-ETFSH,9219,9222,9188,9188,1149
1784,JPX-GOLD,8082,8109,8080,8093,543
1784,JPX-HT,11226,11232,11158,11158,821
1784,JPX-JNAF,10802,10807,10745,10753,1711
1784,JPX-KTST,9729,9731,9671,9705,972
1784,JPX-SIMP,10008,10015,9988,10013,1142
1784,JPX-XAG,10272,10324,10222,10224,423
1785,JPX-CARD,9399,9598,9377,9589,1918
1785,JPX-ETFSH,9190,9193,9182,9193,908
1785,JPX-GOLD,8099,8110,8082,8108,914
1785,JPX-HT,11153,11181,11153,11157,510
1785,JPX-JNAF,10778,10829,10751,10755,1094
1785,JPX-KTST,9691,9763,9686,9733,504
1785,JPX-SIMP,10006,10038,9992,10004,3094
1785,JPX-XAG,10232,10259,10217,10259,181
1786,JPX-CARD,9594,9641,9591,9618,3425
1786,JPX-ETFSH,9171,9200,9169,9176,1364
1786,JPX-GOLD,8110,8131,8094,8109,1569
1786,JPX-HT,11152,11154,11114,11128,907
1786,JPX-JNAF,10767,10801,10740,10768,675
1786,JPX-KTST,9727,9767,9723,9758,894
1786,JPX-SIMP,10006,10044,10000,10011,2758
1786,JPX-XAG,10275,10319,10275,10312,462
1787,JPX-CARD,9607,9869,9607,9852,5113
1787,JPX-ETFSH,9155,9179,9152,9173,2024
1787,JPX-GOLD,8130,8136,8101,8133,2807
1787,JPX-HT,11144,11144,11104,11133,996
1787,JPX-JNAF,10811,10833,10805,10805,1534
1787,JPX-KTST,9782,9863,9782,9861,642
1787,JPX-SIMP,10015,10040,10008,10021,3228
1787,JPX-XAG,10327,10380,10318,10372,882
1788,JPX-CARD,9838,9860,9723,9727,5050
1788,JPX-ETFSH,9176,9202,9174,9201,2300
1788,JPX-GOLD,8126,8137,8081,8101,1254
1788,JPX-HT,11131,11133,11100,11119,2033
1788,JPX-JNAF,10810,10836,10804,10836,3920
1788,JPX-KTST,9829,9861,9824,9824,1471
1788,JPX-SIMP,10036,10046,10017,10025,3273
1788,JPX-XAG,10376,10380,10348,10361,639
1789,JPX-CARD,9715,9747,9523,9531,3408
1789,JPX-ETFSH,9206,9245,9203,9242,2375
1789,JPX-GOLD,8095,8103,8048,8066,2322
1789,JPX-HT,11122,11154,11110,11110,2034
1789,JPX-JNAF,10859,10958,10835,10873,1828
1789,JPX-KTST,9821,9879,9815,9868,1610
1789,JPX-SIMP,10036,10062,10025,10029,3261
1789,JPX-XAG,10358,10372,10322,10332,1367
1790,JPX-CARD,9530,9670,9524,9667,2758
1790,JPX-ETFSH,9242,9256,9233,9233,1064
1790,JPX-GOLD,8094,8121,8056,8113,2696
1790,JPX-HT,11102,11146,11084,11084,1584
1790,JPX-JNAF,10879,10883,10799,10812,2432
1790,JPX-KTST,9875,9877,9849,9859,1585
1790,JPX-SIMP,10041,10042,10003,10004,2064
1790,JPX-XAG,10339,10373,10313,10318,510
1791,JPX-CARD,9655,9904,9630,9902,5944
1791,JPX-ETFSH,9231,9234,9184,9205,2850
1791,JPX-GOLD,8108,8138,8095,8112,2120
1791,JPX-HT,11084,11088,11027,11053,2610
1791,JPX-JNAF,10782,10784,10645,10659,2672
1791,JPX-KTST,9868,9896,9848,9888,1582
1791,JPX-SIMP,10006,10027,10004,10021,3188
1791,JPX-XAG,10351,10378,10343,10356,624
1792,JPX-CARD,9895,10116,9893,10091,5378
1792,JPX-ETFSH,9203,9207,9191,9197,2669
1792,JPX-GOLD,8088,8129,8088,8125,1823
1792,JPX-HT,11053,11080,11037,11037,1946
1792,JPX-JNAF,10589,10591,10361,10371,2996
1792,JPX-KTST,9890,9902,9866,9875,1326
1792,JPX-SIMP,10021,10034,9997,10015,2404
1792,JPX-XAG,10338,10357,10322,10342,1415
1793,JPX-CARD,10095,10276,10086,10236,4957
1793,JPX-ETFSH,9195,9234,9191,9229,2940
1793,JPX-GOLD,8111,8152,8098,8142,2771
1793,JPX-HT,11060,11073,11023,11027,864
1793,JPX-JNAF,10357,10361,10224,10231,1933
1793,JPX-KTST,9883,9908,9859,9881,1614
1793,JPX-SIMP,10025,10048,9980,10032,2900
1793,JPX-XAG,10341,10381,10322,10324,1211
1794,JPX-CARD,10235,10247,10071,10072,2157
1794,JPX-ETFSH,9229,9233,9225,9233,1836
1794,JPX-GOLD,8141,8175,8132,8168,1610
1794,JPX-HT,11045,11047,11006,11015,1387
1794,JPX-JNAF,10219,10236,10198,10208,1661
1794,JPX-KTST,9872,9900,9870,9894,1214
1794,JPX-SIMP,10036,10058,10018,10019,1178
1794,JPX-XAG,10347,10347,10262,10262,588
1795,JPX-CARD,10074,10083,9835,9859,2695
1795,JPX-ETFSH,9221,9237,9221,9222,1190
1795,JPX-GOLD,8158,8180,8150,8169,2398
1795,JPX-HT,11028,11067,11026,11056,1399
1795,JPX-JNAF,10236,10344,10236,10344,1166
1795,JPX-KTST,9876,9905,9866,9902,1917
1795,JPX-SIMP,10040,10053,10010,10029,1475
1795,JPX-XAG,10276,10294,10226,10226,848
1796,JPX-CARD,9871,9887,9677,9689,2781
1796,JPX-ETFSH,9223,9248,9222,9236,1309
1796,JPX-GOLD,8151,8155,8119,8119,1352
1796,JPX-HT,11050,11068,10965,11006,1132
1796,JPX-JNAF,10362,10402,10354,10400,1378
1796,JPX-KTST,9901,9921,9843,9862,1550
1796,JPX-SIMP,10030,10031,9992,10004,2715
1796,JPX-XAG,10213,10224,10183,10184,513
1797,JPX-CARD,9682,10087,9495,9517,3800
1797,JPX-ETFSH,9236,9236,9199,9199,1885
1797,JPX-GOLD,8153,8173,8146,8157,2299
1797,JPX-HT,11003,11003,10898,10902,1188
1797,JPX-JNAF,10386,10419,10371,10404,2085
1797,JPX-KTST,9850,9874,9833,9850,1411
1797,JPX-SIMP,10010,10011,9972,9972,3243
1797,JPX-XAG,10191,10253,10187,10253,844
1798,JPX-CARD,9511,9798,9444,9797,5966
1798,JPX-ETFSH,9200,9204,9164,9169,2344
1798,JPX-GOLD,8157,8159,8035,8051,1640
1798,JPX-HT,10903,10909,10881,10890,1324
1798,JPX-JNAF,10414,10469,10410,10459,1469
1798,JPX-KTST,9846,9860,9836,9848,2779
1798,JPX-SIMP,9995,10002,9953,9980,5076
1798,JPX-XAG,10238,10262,10212,10241,459
